# NOTE: rows overlap heavily (episodes share buckets) -> correlation magnitudes read SMALL (a ~10pp win-rate gap is roughly r = 8-10%). The RANKING is the meaningful part, not the absolute size. level/tempo artifact flags still apply. Discovery slice only; HOLDOUT SEALED.
feature_code,plain_name,type,corr_pct,n,coverage_pct,effect_pp,flag
E48.06,Day-rank,num,13.58,6866,100.0,17.7,
K.03,KC lower band (mid - 2.0 x ATR-20),num,11.14,6865,99.9,10.3,level
K.01,KC middle line value at entry (EMA-20 of close),num,10.87,6865,99.9,11.0,level
E32.07,Percentile vs history,num,-10.85,6645,96.7,-11.2,
E11.09,Day-rank of the bucket's volume,num,-10.73,6866,100.0,-13.6,tempo
E09.01,POC round-number proximity,num,10.65,6869,100.0,12.7,level
E04.01,"Gap vs prior close: size, sign, gap-in-ticks",num,10.59,6869,100.0,13.3,level
E04.08,True range (gap-adjusted) vs raw range,num,10.59,6869,100.0,13.3,level
K.02,KC upper band (mid + 2.0 x ATR-20),num,10.57,6865,99.9,11.3,level
E04.09,Log return open->close,num,10.56,6869,100.0,13.3,level
E49.05,Percentile of total fraction,num,10.29,6645,96.7,11.9,
B-S.02,Selection wall-clock duration,num,10.29,6869,100.0,16.9,tempo
C.08,Dominant 12-state verdict over the 15,cat,9.65,6869,100.0,18.1,
E29.01,Raw units/s / log pace,num,-8.6,6797,99.0,-13.9,tempo
K.10,Rolling-POC baseline value (240-bucket window POC),num,8.29,6646,96.8,11.8,level
B-S.13,Average VEL + Speed multiple,num,-7.81,6869,100.0,-13.8,tempo
E48.05,Liq-long streak,num,7.61,6855,99.8,8.5,
K.09,Squeeze flag: bandwidth in bottom percentile,num,-7.52,6645,96.7,-10.2,
E09.09,POC percentile within the day's range,num,7.42,6645,96.7,5.0,level
E47.05,Liq-short streak,num,-7.32,6855,99.8,-7.9,
E54.01,Current value,num,-6.54,6869,100.0,-7.4,
E11.05,Above/below-mean volume streak,num,-6.48,6855,99.8,-14.5,tempo
E11.02,Volume percentile / z vs trailing window,num,-6.34,6855,99.8,-8.6,tempo
K.04,Bandwidth: (upper - lower) / mid,num,-6.16,6865,99.9,-11.7,
E20.07,Day-rank of churn,num,-6.04,6866,100.0,-9.4,
C.05,Max drawup and drawdown within the 15,num,-6.01,6869,100.0,-7.9,
E03.01,Raw seconds / log-duration,num,5.94,6869,100.0,11.9,
G01.1,Duration (the canonical example: elapsed seconds),num,5.94,6869,100.0,11.9,
E52.01,large-order net side (APPROX fixed-273c),cat,5.88,2300,33.5,5.5,
B-P3.08,Both-hot bucket count,cat,5.85,6869,100.0,31.7,
B-P2.05,Absolute bull V*(1-s) over the selection,num,-5.84,6869,100.0,-5.0,
B-P1.06,Absolute bear V*s over the selection,num,-5.72,6869,100.0,-9.0,
C.06,Realized volatility of the 15,num,-5.52,6869,100.0,-10.0,
E12.01,Buy share: buy_vol / curr_vol,num,-5.43,6869,100.0,-5.2,
E20.01,churn / vol fraction,num,-5.14,6869,100.0,-4.4,
B-P4.10,Crossover-diamond count in the selection,cat,4.92,6869,100.0,11.1,
B-S.03,Total volume,num,-4.92,6869,100.0,-3.5,
E32.01,Current size,num,-4.82,6869,100.0,-2.2,
E11.01,Overshoot ratio: curr_vol / target_vol (last-print spillover),num,-4.81,6869,100.0,-2.2,tempo
E05.02,Range percentile vs trailing 30/240,num,-4.66,6645,96.7,-5.4,
E05.01,Absolute range / range in ticks,num,-4.65,6869,100.0,-6.9,
E42.01,Traded-level count,num,-4.58,6869,100.0,-6.6,
E45.01,Level count / dispersion in ticks,num,-4.58,6869,100.0,-6.6,
B-P4.09,Peak gated score + its bucket position,num,4.55,6869,100.0,3.8,
E12.06,Day-rank of buy volume,num,-4.54,6866,100.0,-6.5,
E51.08,Large-share streak,num,-4.51,2270,33.0,-7.4,
E60.01,State label (categorical) + one-hot vector,cat,4.32,6869,100.0,7.4,
E62.01,Historical frequency of each state,cat,4.32,6869,100.0,7.4,
E16.04,opL streak (persistent long initiative),num,4.26,6855,99.8,-0.5,
E57.03,Depth percentile vs window,num,4.26,6610,96.2,7.9,
E45.02,Dispersion percentile vs window,num,-4.25,6645,96.7,-4.2,
B-P4.02,LAST EXHAUSTED SIDE (bull / bear),cat,4.25,6869,100.0,4.2,
E11.03,Log volume,num,-4.17,6869,100.0,-2.2,tempo
E03.03,Duration z-score vs trailing window,num,-4.15,6855,99.8,-3.9,
E17.04,opS streak,num,4.15,6855,99.8,0.8,
E31.04,Percentile vs the day,num,-4.13,6573,95.7,-5.4,tempo
E50.08,Large-count percentile vs window,num,-4.07,2299,33.5,-5.1,
E21.01,Sign: BUILD vs DRAIN,cat,4.0,6869,100.0,6.5,
E43.01,POC share of curr_vol,num,3.96,6869,100.0,4.0,
B-P2.02,Bear eff-agg percentage (badge),num,3.96,6869,100.0,6.7,
B-P2.01,Bull eff-agg percentage (badge),num,-3.96,6869,100.0,-6.6,
K.11,Close vs POC baseline: side + distance,num,3.89,6646,96.8,-2.4,
E06.01,Sign (direction) and magnitude,cat,3.83,6869,100.0,6.2,
E06.10,Contribution sign to trailing bucket-CVD of price,cat,3.83,6869,100.0,6.2,
E08.08,Wick percentile vs trailing window,num,-3.71,6610,96.2,-2.5,
E43.10,Day-rank of POC share,num,3.63,6866,100.0,5.5,
C.12,Sweep-event count in the 15,num,-3.58,6869,100.0,-5.7,
B-S.07,Sum OpL,num,-3.53,6869,100.0,0.9,
E55.09,Percentile-window fill health,num,3.46,6644,96.7,4.0,
E25.01,Raw dispersion (ticks),num,-3.44,6869,100.0,-6.9,
E08.01,Upper wick size / lower wick size (ticks),num,-3.41,6834,99.5,-6.8,
E18.04,clL streak (sustained unwind),num,3.39,6855,99.8,4.3,
E12.03,Buy-dominance streak (share > 0.5),num,-3.34,6855,99.8,-5.3,
B-S.08,Sum OpS,num,-3.27,6869,100.0,-2.8,
E14.04,Same-sign delta streak (pressure persistence),num,-3.23,6855,99.8,-4.6,
B-P4.01,Current exhaustion value (badge),num,3.16,6869,100.0,7.4,
B-P4.03,Last-exhausted side's percentage,num,3.16,6869,100.0,7.4,
B-P1.10,Validated-dot (s>=0.60) count in selection,num,3.14,6869,100.0,3.7,
E20.04,High-churn streak,num,-3.12,6855,99.8,-5.1,
E45.06,Fat/thin streak,num,-3.03,6855,99.8,-3.0,
E54.04,Slope over last N buckets,num,2.94,6869,100.0,3.1,
E21.04,BUILD streak / DRAIN streak lengths,num,-2.92,6855,99.8,-2.2,
E13.03,Sell-dominance streak,num,2.89,6855,99.8,3.2,
E23.06,Hot streak length,num,2.88,6855,99.8,1.6,
K.07,Distance to nearest band (ticks and ATRs),num,-2.87,6865,99.9,-4.2,
G03.1,delta and delta fraction (the canonical pair),num,-2.86,6869,100.0,-4.3,
B-P3.04,Dominant side label,cat,2.84,6869,100.0,2.8,
B-P4.05,Spread between the two sides,num,2.82,6869,100.0,7.2,
E06.02,Log return of the body,num,-2.75,6869,100.0,-4.0,
E24.06,Hot streak,num,2.68,6855,99.8,4.9,
E19.04,clS streak,num,2.63,6855,99.8,2.0,
E14.09,Day-rank of abs(delta),num,-2.62,6866,100.0,-4.8,
E38.01,Absolute eff-agg + side,num,-2.6,6869,100.0,-1.8,
B-P2.11,Entry-bucket raw value,num,-2.57,6869,100.0,-2.1,
K.08,Channel slope (mid-line drift over N buckets),num,-2.56,6865,99.9,-5.0,
E06.03,Body percentile / z-score vs window,num,-2.55,6855,99.8,-2.9,
B-S.05,Net delta + delta percentage,num,-2.52,6869,100.0,-2.1,
C.01,Direction over the 15: net UP or DOWN,cat,2.5,6869,100.0,7.8,
E03.07,Fast/slow STREAK length (consecutive buckets same class),num,2.47,6855,99.8,-2.8,
B-P4.04,Opposite side's percentage,num,2.42,6869,100.0,6.8,
B-P2.04,Dominant side label,cat,2.4,6869,100.0,2.4,
E32.03,Slope of target over the day,num,2.37,6869,100.0,-0.8,
B-S.14,Selection range + net price change %,num,-2.37,6869,100.0,-3.4,
E54.05,Tier-dwell streak,num,-2.35,6855,99.8,-2.9,
E36.04,High-s streak,num,2.32,6855,99.8,2.9,
E24.02,z vs trailing-30,num,2.3,6855,99.8,2.2,
B-P3.06,Aggregate seller multiple vs baseline,num,2.27,6869,100.0,3.5,
B-S.12,Aggregate S-E/R multiple,num,2.27,6869,100.0,3.5,
E43.02,Percentile / z of the share,num,2.24,6855,99.8,1.1,
E22.01,OPEN_OI ramp value (0.10-0.50),num,2.23,6869,100.0,1.8,
C.09,Cumulative delta over the 15,num,-2.21,6869,100.0,-1.9,
E54.03,z / percentile vs trailing 240,num,2.19,6855,99.8,3.8,
B-S.10,Sum ClS,num,-2.17,6869,100.0,1.4,
E39.04,Consecutive-dot streak,num,2.16,6855,99.8,4.6,
E25.06,Narrow/wide streak,num,-2.08,6855,99.8,-0.6,
B-P1.01,Bull absorption percentage (badge),num,2.02,6869,100.0,3.7,
B-P1.02,Bear absorption percentage (badge),num,-2.02,6869,100.0,-3.8,
E24.04,Percentile,num,1.98,6645,96.7,1.0,
E12.08,Log buy volume,num,-1.96,6869,100.0,-5.2,
E57.05,Sweep magnitude z,num,1.95,6094,88.7,3.1,
C.02,Net % change over the 15,num,-1.93,6869,100.0,-2.7,
E38.03,Day-rank,num,-1.92,6866,100.0,-2.3,
E13.01,Sell share: sell_vol / curr_vol,num,-1.86,6869,100.0,-0.9,
E05.07,Expanding/contracting range STREAK,num,-1.85,6855,99.8,-2.1,
E06.04,Same-direction streak length,num,-1.85,6855,99.8,-2.3,
E54.02,Tier: calm / warn / toxic (adaptive percentiles),num,-1.84,6645,96.7,-1.6,
E55.01,Current warn / toxic threshold values,num,-1.84,6645,96.7,-1.6,
C.10,Cumulative dOI over the 15,num,-1.81,6869,100.0,-3.7,
B-P3.10,Entry-bucket raw value,num,-1.81,6869,100.0,-2.7,
E12.02,Buy z-score / percentile vs trailing window,num,-1.81,6855,99.8,-2.2,
E51.07,z / percentile of large share,num,1.8,2270,33.0,-1.8,
E28.09,Day-rank of speed,num,1.77,6866,100.0,1.6,
E24.09,Day-rank,num,1.76,6866,100.0,1.2,
B-S.06,Net dOI,num,-1.75,6869,100.0,-4.2,
E14.03,Delta z-score / percentile,num,-1.7,6855,99.8,-2.2,
E17.02,z-score / percentile,num,1.69,6855,99.8,-0.5,
C.11,Compression share (buckets under 0.6 ATR),num,-1.65,6869,100.0,-2.3,
K.06,Zone tag: above / upper-half / lower-half / below,cat,1.65,6865,99.9,2.1,
E33.01,Buyer multiplier / seller multiplier values,num,1.64,6869,100.0,2.9,
E13.02,Sell z-score / percentile,num,1.6,6855,99.8,2.6,
E15.05,One-sidedness streak,num,1.59,6855,99.8,0.4,
B-P1.07,Sum: absorbed share of selection volume,num,1.55,6869,100.0,0.8,
E51.01,Volume per bin (vector feature),num,-1.53,2300,33.5,7.3,
E16.02,z-score / percentile vs window,num,-1.53,6855,99.8,-0.1,
E29.02,Percentile / z vs trailing window,num,1.51,5454,79.4,-1.5,tempo
K.05,"Entry close position inside the channel, 0..1",num,-1.51,6865,99.9,-4.6,
B-P3.03,Spread: buyer% - seller%,num,-1.49,6869,100.0,0.6,
E37.02,Percentile / z vs window,num,1.48,6855,99.8,2.4,
E16.06,Day-rank of opL,num,-1.47,6866,100.0,-2.5,
E14.01,Sign and magnitude,cat,1.47,6869,100.0,1.4,
E13.06,Day-rank of sell volume,num,-1.46,6866,100.0,-0.5,
E43.05,Dominant-POC streak,num,1.44,6855,99.8,3.8,
E56.06,ATR percentile vs day,num,-1.44,6645,96.7,-2.3,
E10.04,Percentile vs trailing window,num,1.42,6610,96.2,2.5,
E47.02,z / percentile vs window,num,1.4,6855,99.8,-0.5,
E33.05,Percentile of each vs day,num,1.39,6645,96.7,2.1,
E21.10,Day-rank of |dOI|,num,-1.38,6866,100.0,-3.1,
B-P1.08,Trajectory slope across the selection,num,1.37,6869,100.0,0.5,
E37.01,Absolute absorbed volume + side,num,-1.36,6869,100.0,-0.4,
B-P3.09,Peak-E/R bucket position,num,1.33,6869,100.0,2.0,
B-P2.10,Dominance-flip count across the selection,num,1.33,6869,100.0,2.9,
E29.04,Pace streak,num,1.28,5454,79.4,0.5,tempo
B-P2.08,Trajectory slope across the selection,num,-1.28,6869,100.0,-1.6,
E24.01,Raw value / log value,num,1.28,6869,100.0,1.1,
C.03,Linear-fit slope + R-squared (trendiness),num,-1.27,6869,100.0,-2.0,
E19.08,Day-rank of clS,num,1.24,6866,100.0,3.2,
E36.03,Percentile / z vs window,num,1.23,6855,99.8,1.5,
E05.03,Range z-score,num,-1.23,6855,99.8,-3.2,
E45.05,z-score of dispersion,num,-1.22,6855,99.8,-3.2,
E48.02,z / percentile,num,1.21,6855,99.8,9.2,
G08.1,vel = volume/second and Speed multiple (canonical),num,-1.21,6797,99.0,-13.9,tempo
B-P3.02,Seller-side percentage (badge),num,1.19,6869,100.0,2.4,
B-P3.01,Buyer-side percentage (badge),num,-1.19,6869,100.0,-2.4,
E18.07,clL acceleration,num,1.18,6869,100.0,1.4,
E23.04,Percentile vs window,num,-1.16,6645,96.7,-2.6,
B-P3.07,Hot-bucket count (>=1.5x) in selection,num,1.15,6869,100.0,0.0,
B-P1.09,Peak-absorption bucket position (0..15),num,1.15,6869,100.0,2.0,
E28.05,Percentile / z vs window,num,1.13,6855,99.8,-1.2,
E50.09,Large-count streak,num,1.11,2270,33.0,-5.2,
E47.01,Absolute + /vol fraction,num,1.08,6869,100.0,,
B-P1.05,Absolute bull V*s over the selection,num,-1.05,6869,100.0,-0.4,
E07.04,Percentile / z vs trailing window,num,1.05,6104,88.9,1.8,
E23.09,Day-rank of buyer effort,num,-1.04,6866,100.0,-2.2,
E03.02,Duration percentile vs trailing 30 and 240 buckets,num,-1.03,6645,96.7,-2.1,
E07.01,Raw fraction 0..1,num,1.01,6834,99.5,1.6,
G02.1,"Range, body, wicks, close-position -- the full geometry family",num,1.01,6834,99.5,1.6,
E19.02,z / percentile,num,-0.96,6855,99.8,-1.9,
E28.01,Raw multiple,num,0.96,6869,100.0,3.2,
E18.08,Day-rank of clL,num,0.95,6866,100.0,2.0,
E13.10,Sell-share slope over trailing 5 buckets,num,0.95,6869,100.0,3.2,
E28.06,Speed streak (consecutive > 1x),num,0.92,6855,99.8,1.9,
E16.01,opL / vol fraction,num,-0.91,6869,100.0,-1.0,
E56.01,ATR value,num,-0.91,6855,99.8,-2.7,
E10.07,Persistently-high/low POC streak,num,0.89,6104,88.9,0.7,
E36.01,Raw s,num,0.86,6869,100.0,0.2,
E12.10,Buy-share slope over trailing 5 buckets,num,-0.86,6869,100.0,-2.2,
B-S.09,Sum ClL,num,-0.85,6869,100.0,4.7,
E33.06,Slope over the selection window,num,0.83,6869,100.0,1.4,
E15.04,Percentile / z vs window,num,0.79,6855,99.8,1.6,
E37.05,Absorption streak per side,num,0.79,6855,99.8,1.9,
C.07,Higher-highs / lower-lows counts,num,0.77,6869,100.0,0.4,
E50.01,Counts per bin (vector feature),num,0.75,2300,33.5,2.3,
E13.08,Log sell volume,num,-0.72,6869,100.0,-0.9,
E10.01,Raw 0..1 position,num,0.71,6834,99.5,1.5,
G10.1,poc_pos and close-vs-VA position (acceptance/rejection),num,0.71,6834,99.5,1.5,
B-P2.07,Sum: eff-agg share of selection volume,num,-0.69,6869,100.0,-2.0,
E19.01,clS / vol fraction,num,-0.66,6869,100.0,2.1,
E21.08,dOI acceleration,num,-0.62,6869,100.0,-0.5,
B-P2.03,Spread: bull% - bear%,num,0.61,6869,100.0,0.2,
E36.05,s slope over last 5 buckets,num,0.6,6869,100.0,0.8,
E37.03,Day-rank of absorbed volume,num,0.59,6866,100.0,1.9,
E03.08,Duration acceleration: ratio vs prior bucket,num,0.58,6869,100.0,0.5,
E39.01,Present (Y/N) + side,num,0.57,6869,100.0,,
E15.01,Raw fraction,num,-0.53,6869,100.0,-1.6,
G04.1,Price moved per net contract (efficiency of aggression),num,0.52,6869,100.0,0.4,
E21.03,z / percentile,num,0.51,6855,99.8,-0.5,
E18.02,z / percentile,num,-0.51,6855,99.8,-0.5,
E47.10,Acceleration vs prior bucket,num,0.46,6869,100.0,-0.7,
E24.08,Effort acceleration,num,0.45,6869,100.0,0.4,
E17.06,Day-rank of opS,num,-0.44,6866,100.0,0.2,
B-P3.05,Aggregate buyer multiple vs trailing baseline,num,0.43,6869,100.0,0.6,
B-S.11,Aggregate B-E/R multiple,num,0.43,6869,100.0,0.6,
E20.08,Churn acceleration,num,-0.43,6869,100.0,0.5,
E38.07,Acceleration,num,-0.43,6869,100.0,0.5,
E25.02,Percentile / z vs window,num,-0.42,6855,99.8,-3.2,
E47.06,Day-rank,num,0.41,6866,100.0,4.3,
E38.02,Percentile / z,num,-0.4,6855,99.8,-1.2,
E18.01,clL / vol fraction,num,-0.4,6869,100.0,3.0,
E17.08,opS acceleration,num,-0.4,6869,100.0,-0.9,
E07.05,Trend-bar streak length,num,0.39,6104,88.9,1.6,
E23.02,z vs trailing-30 (the baseline convention),num,-0.37,6855,99.8,-1.3,
E56.05,ATR slope (vol regime drift),num,-0.36,6851,99.7,-0.2,
E48.01,Absolute + /vol fraction,num,-0.34,6869,100.0,,
E01.01,UTC hour-of-day (0-23),num,-0.33,6869,100.0,-5.2,
E02.01,UTC hour-of-day at close,num,-0.33,6869,100.0,-5.2,
E37.06,Absorption acceleration,num,0.32,6869,100.0,1.5,
K.12,POC-baseline slope + consecutive-side streak,num,-0.27,6645,96.7,4.7,
B-P1.11,Entry-bucket raw (un-smoothed) hover value,num,0.27,6869,100.0,0.2,
E57.01,Swept prior HIGH (Y/N) / swept prior LOW (Y/N),num,-0.24,6834,99.5,-0.6,
B-P2.09,Peak eff-agg bucket position,num,0.23,6869,100.0,0.6,
C.04,Path class: trend / range / V-shape,cat,0.18,6869,100.0,0.2,
E49.01,Total-liq fraction,num,0.18,6869,100.0,,
E29.05,Pace acceleration,num,-0.18,6683,97.3,-0.9,tempo
E23.01,Raw value / log value,num,-0.17,6869,100.0,-0.4,
E28.07,Speed acceleration vs prior,num,-0.17,6869,100.0,-0.3,
E17.01,opS / vol fraction,num,-0.15,6869,100.0,0.7,
E38.06,Eff-agg streak per side,num,0.13,6855,99.8,-0.1,
E19.07,clS acceleration,num,0.12,6869,100.0,-1.4,
B-P1.03,Spread: bull% - bear%,num,-0.1,6869,100.0,-1.8,
B-P2.06,Absolute bear V*(1-s) over the selection,num,-0.1,6869,100.0,0.8,
E31.01,Current level,num,0.09,6797,99.0,-22.7,tempo
E23.08,Effort acceleration vs prior,num,0.05,6869,100.0,0.6,
E48.10,Acceleration,num,0.05,6869,100.0,0.5,
E20.03,z / percentile,num,-0.02,6855,99.8,-0.6,
G06.1,Net OI change + open:close ratio,num,-0.02,6869,100.0,-2.0,
E16.08,opL acceleration vs prior bucket,num,0.02,6869,100.0,-0.8,
E14.06,Delta acceleration (this vs prior magnitude),num,-0.01,6869,100.0,0.1,
B-P1.04,Dominant side label,cat,0.01,6869,100.0,0.0,
E31.02,Slope over trailing window (regime drift),num,0.01,6579,95.8,7.5,tempo
B-S.01,Selection bucket count,cat,0.0,6869,100.0,,
E04.05,Close>open sign (up/down bucket),cat,0.0,6869,100.0,,level
B-S.04,Sell | Buy split,cat,,6869,100.0,,degenerate
