# PHASE-1 liquidity sweeps (offline, merged 1m snapshots). Tier-A = structure + forced-flow (clS/clL z>=2 & OI<0) + vacuum (<10%% beyond level). Tier-B = structure + exactly one. side_label = harvest intent (upside sweep -> S, downside -> B). No outcome study.
ts,bucket_id,side_label,swept_level,wick_extent,wick_pct,forced_z,oi_delta,vacuum_frac,tier,forced,vacuum
1782646847.185,9734,B,71.76,0.01,0.0139,0.33,511.2,0.0225,B,0,1
1782647003.37,9737,S,71.89,0.01,0.0139,-0.62,3982.9,0.0118,B,0,1
1782647040.433,9738,S,71.89,0.01,0.0139,-0.46,552.4,0.0004,B,0,1
1782647087.982,9739,S,71.89,0.01,0.0139,-0.62,3149.1,0.0002,B,0,1
1782647106.65,9740,S,71.92,0.01,0.0139,1.93,-1617.6,0.0663,B,0,1
1782648201.972,9764,B,71.76,0.01,0.0139,2.57,-3046.6,0.1689,B,1,0
1782648260.512,9765,B,71.77,0.01,0.0139,3.22,-1687.7,0.0286,A,1,1
1782648506.219,9770,S,71.92,0.03,0.0417,2.45,-1181.1,0.7865,B,1,0
1782648589.477,9771,S,71.89,0.01,0.0139,-0.08,695.4,0.0961,B,0,1
1782648913.83,9776,B,71.77,0.01,0.0139,0.24,1425.2,0.0068,B,0,1
1782648941.048,9777,B,71.77,0.01,0.0139,-0.34,-374.2,0.0001,B,0,1
1782649744.812,9792,S,71.95,0.01,0.0139,-0.89,0.0,0.008,B,0,1
1782650118.909,9822,S,71.89,0.01,0.0139,1.27,-3529.2,0.0003,B,0,1
1782650196.904,9824,S,71.95,0.01,0.0139,-0.03,1443.1,0.0577,B,0,1
1782650706.927,9833,B,71.75,0.01,0.0139,-0.62,2864.4,0.0371,B,0,1
1782651383.145,9843,S,71.89,0.02,0.0278,-0.16,-758.7,0.056,B,0,1
1782653926.706,9916,S,71.87,0.01,0.0139,-0.76,2345.5,0.0039,B,0,1
1782654008.863,9918,S,71.87,0.03,0.0417,2.17,-2392.0,0.4819,B,1,0
1782654142.635,9923,S,71.87,0.01,0.0139,-0.96,-1156.4,0.0684,B,0,1
1782654916.424,9947,S,71.87,0.01,0.0139,0.75,-157.2,0.0329,B,0,1
1782655032.464,9951,S,71.7,0.01,0.0139,-0.83,213.6,0.0769,B,0,1
1782655087.655,9953,S,71.7,0.02,0.0279,-0.74,1566.3,0.0478,B,0,1
1782657102.516,9987,S,71.87,0.01,0.0139,-1.1,1580.1,0.0002,B,0,1
1782657183.8,9988,B,71.78,0.01,0.0139,-0.48,1534.1,0.0017,B,0,1
1782657407.079,9991,S,71.87,0.01,0.0139,-0.86,1138.0,0.0559,B,0,1
1782657665.715,9998,B,71.78,0.02,0.0279,0.09,-2239.4,0.0913,B,0,1
1782658234.761,10007,S,71.87,0.01,0.0139,0.05,-287.1,0.0117,B,0,1
1782658353.212,10008,B,71.78,0.01,0.0139,0.45,14.3,0.0005,B,0,1
1782659041.195,10019,B,71.78,0.06,0.0836,-0.57,2506.3,0.0876,B,0,1
1782659651.375,10039,B,71.72,0.02,0.0279,1.18,-1805.6,0.0662,B,0,1
1782659739.104,10042,B,71.72,0.01,0.0139,1.6,-2379.3,0.0307,B,0,1
1782659807.538,10043,B,71.63,0.01,0.014,-0.08,-1833.6,0.0108,B,0,1
1782659897.419,10046,S,71.94,0.01,0.0139,0.06,-1754.1,0.0145,B,0,1
1782659910.958,10048,S,71.94,0.01,0.0139,-0.86,1928.8,0.0858,B,0,1
1782660091.069,10052,B,71.78,0.02,0.0279,0.03,-814.6,0.0459,B,0,1
1782660169.675,10053,B,71.78,0.01,0.0139,-0.82,1203.6,0.0066,B,0,1
1782660699.364,10062,S,71.87,0.01,0.0139,2.04,-1805.8,0.0405,A,1,1
1782661022.301,10080,B,71.73,0.04,0.0558,3.38,-5174.0,0.4769,B,1,0
1782661067.69,10081,B,71.72,0.04,0.0558,2.52,-2908.0,0.3659,B,1,0
1782661224.045,10083,B,71.73,0.01,0.0139,-0.5,-256.1,0.0509,B,0,1
1782661824.954,10091,B,71.68,0.01,0.014,-0.54,73.2,0.0033,B,0,1
1782661843.116,10092,B,71.75,0.01,0.0139,-0.64,2018.7,0.0098,B,0,1
1782662383.903,10112,S,71.98,0.01,0.0139,0.96,612.1,0.0099,B,0,1
1782662398.476,10114,S,72.0,0.03,0.0417,4.59,-1031.0,0.304,B,1,0
1782662505.789,10123,B,71.91,0.02,0.0278,0.69,-1708.6,0.0246,B,0,1
1782663046.558,10140,B,71.73,0.01,0.0139,-0.16,-332.9,0.0009,B,0,1
1782663791.12,10152,S,71.9,0.03,0.0417,-0.28,-508.7,0.0364,B,0,1
1782663855.473,10154,B,71.73,0.01,0.0139,-0.57,-136.6,0.0622,B,0,1
1782663912.015,10156,B,71.67,0.01,0.014,-0.39,-521.3,0.0659,B,0,1
1782664467.993,10199,B,71.14,0.01,0.0141,2.29,-2811.2,0.0048,A,1,1
1782664490.23,10201,B,71.14,0.02,0.0281,1.53,-2222.0,0.0934,B,0,1
1782664959.131,10219,S,71.35,0.02,0.028,-0.66,-1129.1,0.0414,B,0,1
1782665021.027,10220,S,71.35,0.02,0.028,-0.39,1854.4,0.0311,B,0,1
1782665122.916,10224,B,71.16,0.01,0.0141,-0.88,651.8,0.0246,B,0,1
1782665140.131,10225,B,71.14,0.01,0.0141,0.04,-581.8,0.0922,B,0,1
1782665180.846,10227,B,71.16,0.02,0.0281,4.39,-3401.1,0.011,A,1,1
1782665281.959,10231,S,71.35,0.01,0.014,0.87,-1614.1,0.0775,B,0,1
1782665393.685,10235,S,71.45,0.02,0.028,1.31,-4198.8,0.0872,B,0,1
1782666711.024,10271,S,71.58,0.01,0.014,1.9,-3713.1,0.0001,B,0,1
1782667340.807,10282,B,71.4,0.01,0.014,0.32,-3947.5,0.0199,B,0,1
1782667597.254,10287,S,71.36,0.01,0.014,0.78,-2675.3,0.0211,B,0,1
1782667792.375,10290,S,71.35,0.01,0.014,-0.31,-128.0,0.0536,B,0,1
1782672998.538,10401,S,71.15,0.01,0.0141,-0.55,1889.2,0.0189,B,0,1
1782673145.54,10404,S,71.15,0.08,0.1124,2.61,-6447.6,0.9523,B,1,0
1782673539.972,10418,B,70.92,0.08,0.1128,2.52,-8970.7,0.8913,B,1,0
1782675022.489,10432,S,71.07,0.01,0.0141,-0.12,-987.3,0.0,B,0,1
1782675779.959,10454,B,70.78,0.01,0.0141,-0.74,497.6,0.0768,B,0,1
1782679284.467,10568,B,70.71,0.02,0.0283,0.0,1151.2,0.0924,B,0,1
1782679715.328,10573,B,70.71,0.01,0.0141,-0.02,-44.9,0.004,B,0,1
1782679907.648,10576,B,70.71,0.01,0.0141,-0.18,147.4,0.005,B,0,1
1782680038.318,10577,B,70.71,0.01,0.0141,0.71,-3321.8,0.0246,B,0,1
1782681437.478,10591,B,70.71,0.01,0.0141,0.2,-1153.9,0.0526,B,0,1
1782681696.925,10593,B,70.71,0.01,0.0141,-0.45,-910.7,0.0392,B,0,1
1782683065.457,10611,B,70.71,0.01,0.0141,0.39,-1328.9,0.063,B,0,1
1782684204.952,10675,S,71.28,0.05,0.0701,6.15,-7564.5,0.4507,B,1,0
1782684300.324,10686,S,71.28,0.02,0.0281,-0.37,1004.6,0.0989,B,0,1
1782684432.787,10693,S,71.28,0.02,0.0281,-0.16,1394.5,0.057,B,0,1
1782684432.787,10693,B,71.22,0.01,0.014,0.69,1394.5,0.0728,B,0,1
1782685402.672,10743,B,70.91,0.01,0.0141,2.6,-2977.3,0.002,A,1,1
1782687247.381,10850,S,69.95,0.02,0.0286,0.54,-1937.0,0.0835,B,0,1
1782688896.754,10923,S,70.8,0.01,0.0141,-0.31,306.7,0.0352,B,0,1
1782690651.685,11007,B,71.51,0.01,0.014,-0.18,1098.4,0.0331,B,0,1
1782691444.804,11032,S,71.24,0.02,0.0281,-0.33,975.3,0.0719,B,0,1
1782691938.821,11047,S,71.26,0.02,0.0281,0.32,-1920.9,0.0797,B,0,1
1782693833.763,11120,S,71.09,0.02,0.0281,-0.71,4413.4,0.0444,B,0,1
1782694320.841,11130,B,71.08,0.01,0.0141,-0.65,3662.3,0.0001,B,0,1
1782694658.878,11144,S,71.56,0.02,0.0279,-0.76,2420.9,0.0187,B,0,1
1782694976.614,11157,S,71.42,0.01,0.014,1.95,-3146.6,0.0257,B,0,1
1782695017.164,11158,S,71.42,0.01,0.014,-0.23,-1942.4,0.0001,B,0,1
1782696630.239,11197,B,70.93,0.01,0.0141,0.19,-2424.1,0.0155,B,0,1
1782697510.902,11213,S,71.61,0.04,0.0559,-0.12,1306.6,0.0941,B,0,1
1782698605.956,11226,S,71.61,0.01,0.014,-0.57,6272.4,0.0008,B,0,1
1782698684.291,11227,S,71.61,0.01,0.014,0.55,-351.9,0.0091,B,0,1
1782703430.27,11401,S,72.96,0.01,0.0137,-1.09,5238.4,0.0028,B,0,1
1782704341.373,11423,B,72.76,0.04,0.055,2.69,-5119.5,0.0502,A,1,1
1782704384.67,11424,B,72.76,0.01,0.0137,0.88,-3169.3,0.0027,B,0,1
1782705709.841,11441,S,72.62,0.01,0.0138,1.47,-2357.8,0.0308,B,0,1
1782710318.39,11540,S,71.29,0.11,0.1543,2.14,-6604.5,0.814,B,1,0
1782714863.83,11640,S,72.5,0.07,0.0966,4.19,-2147.8,0.6034,B,1,0
1782717262.854,11666,B,72.17,0.04,0.0554,-1.11,4035.6,0.072,B,0,1
1782717322.971,11668,S,72.53,0.01,0.0138,0.42,671.1,0.0186,B,0,1
1782717752.121,11673,S,72.44,0.01,0.0138,2.09,-1376.6,0.0003,A,1,1
1782718624.942,11680,S,72.5,0.01,0.0138,1.39,321.8,0.0013,B,0,1
1782718840.15,11682,S,72.5,0.02,0.0276,-0.93,169.9,0.0317,B,0,1
1782719318.201,11687,S,72.5,0.01,0.0138,0.28,-2292.9,0.0749,B,0,1
1782720476.707,11712,S,72.53,0.02,0.0276,-1.27,-6628.1,0.059,B,0,1
1782720942.202,11721,S,72.75,0.01,0.0137,0.72,-168.5,0.0013,B,0,1
1782721326.663,11728,S,72.75,0.02,0.0275,-0.87,2476.2,0.0682,B,0,1
1782721516.169,11731,B,72.62,0.02,0.0275,0.07,-1976.0,0.0789,B,0,1
1782722103.739,11743,S,72.59,0.01,0.0138,-0.85,658.3,0.0,B,0,1
1782722103.739,11743,B,72.46,0.01,0.0138,-1.22,658.3,0.0023,B,0,1
1782722219.871,11745,B,72.62,0.02,0.0275,-1.23,2857.6,0.0735,B,0,1
1782722267.816,11746,S,72.75,0.01,0.0137,-1.02,5508.9,0.0181,B,0,1
1782722552.76,11749,S,72.75,0.01,0.0137,1.84,-3094.0,0.0,B,0,1
1782723419.428,11764,S,72.75,0.04,0.055,2.92,-4049.1,0.1635,B,1,0
1782723455.344,11766,B,72.62,0.01,0.0138,-0.19,2946.4,0.0809,B,0,1
1782723631.188,11769,S,72.75,0.01,0.0137,-0.49,1931.6,0.0117,B,0,1
1782724129.18,11773,S,72.75,0.01,0.0137,0.81,-378.8,0.0919,B,0,1
1782724278.39,11774,S,72.75,0.01,0.0137,0.79,-1532.9,0.0011,B,0,1
1782724388.538,11775,B,72.61,0.05,0.0689,2.13,-1674.2,0.4741,B,1,0
1782725110.136,11792,S,72.75,0.02,0.0275,-0.67,-544.1,0.0692,B,0,1
1782725127.648,11794,B,72.62,0.01,0.0138,-0.92,3342.0,0.0,B,0,1
1782725231.435,11797,B,72.61,0.02,0.0275,-0.93,3679.2,0.0202,B,0,1
1782725347.477,11800,S,72.92,0.01,0.0137,-0.42,1260.3,0.0367,B,0,1
1782725402.767,11801,S,72.92,0.02,0.0274,-0.95,4381.5,0.0781,B,0,1
1782725652.429,11803,S,72.92,0.01,0.0137,-0.6,1164.9,0.0058,B,0,1
1782727191.86,11818,S,72.9,0.02,0.0274,1.51,-1541.9,0.0488,B,0,1
1782727684.395,11829,S,73.13,0.01,0.0137,-0.4,65.2,0.0329,B,0,1
1782728573.277,11880,S,73.44,0.05,0.0681,3.26,-2821.1,0.3504,B,1,0
1782728671.933,11882,S,73.44,0.01,0.0136,-0.53,109.7,0.0021,B,0,1
1782728767.036,11885,S,73.44,0.01,0.0136,-0.14,-240.4,0.0212,B,0,1
1782729623.499,11906,B,73.3,0.01,0.0136,-0.78,239.4,0.0172,B,0,1
1782730285.443,11917,B,73.22,0.01,0.0137,0.57,-597.8,0.001,B,0,1
1782732682.711,11993,B,73.09,0.02,0.0274,-0.27,-2228.3,0.0881,B,0,1
1782732808.234,12002,B,72.74,0.01,0.0137,-0.63,915.8,0.0238,B,0,1
1782732897.948,12004,B,72.74,0.04,0.055,2.62,-2194.9,0.7329,B,1,0
1782733371.996,12017,B,72.41,0.02,0.0276,-0.42,520.4,0.0817,B,0,1
1782734212.179,12035,B,72.32,0.03,0.0415,-0.43,467.9,0.0417,B,0,1
1782734387.93,12038,S,72.49,0.01,0.0138,0.73,-1214.0,0.0557,B,0,1
1782734387.93,12038,B,72.41,0.01,0.0138,-0.64,-1214.0,0.0009,B,0,1
1782734437.239,12046,S,72.49,0.11,0.1517,2.53,-5977.5,0.757,B,1,0
1782734536.366,12057,B,72.32,0.01,0.0138,-0.14,-5805.1,0.0008,B,0,1
1782734565.853,12058,B,72.41,0.01,0.0138,-0.39,1908.9,0.0,B,0,1
1782735328.706,12167,S,74.08,0.02,0.027,-0.49,1368.2,0.0506,B,0,1
1782736047.145,12201,B,73.75,0.01,0.0136,-0.59,2087.4,0.0295,B,0,1
1782736157.116,12205,S,74.08,0.01,0.0135,-0.88,0.0,0.0051,B,0,1
1782736502.043,12217,S,74.08,0.01,0.0135,-1.0,2574.8,0.0394,B,0,1
1782736635.852,12242,S,74.09,0.01,0.0135,-0.47,0.0,0.0013,B,0,1
1782736924.751,12278,B,73.3,0.02,0.0273,-0.68,6242.6,0.0612,B,0,1
1782737000.543,12281,B,73.3,0.03,0.0409,-0.62,4434.7,0.0653,B,0,1
1782737039.352,12282,B,73.3,0.02,0.0273,-0.16,-1312.2,0.0886,B,0,1
1782737357.103,12296,S,73.49,0.01,0.0136,-0.59,328.3,0.0194,B,0,1
1782739118.785,12354,S,74.29,0.01,0.0135,-0.78,548.0,0.0361,B,0,1
1782739167.766,12355,S,74.29,0.01,0.0135,-0.29,2992.7,0.0292,B,0,1
1782739935.283,12387,S,74.01,0.02,0.027,-0.7,1676.2,0.0103,B,0,1
1782740078.919,12392,S,74.01,0.01,0.0135,-0.21,-1067.7,0.0,B,0,1
1782740151.329,12394,S,74.01,0.01,0.0135,-0.6,1198.1,0.0044,B,0,1
1782740660.424,12428,B,72.93,0.03,0.0411,2.21,-7076.1,0.2359,B,1,0
1782741037.361,12452,B,72.75,0.02,0.0275,1.41,-6992.8,0.0419,B,0,1
1782741113.748,12455,B,72.93,0.01,0.0137,-0.88,7331.3,0.0586,B,0,1
1782741144.641,12456,B,72.93,0.02,0.0274,-0.79,3183.5,0.0523,B,0,1
1782741156.086,12457,S,73.24,0.02,0.0273,-0.28,1059.9,0.0304,B,0,1
1782741156.086,12457,B,73.12,0.01,0.0137,-0.91,1059.9,0.0608,B,0,1
1782741257.448,12461,S,73.24,0.07,0.0956,-0.12,1095.5,0.0893,B,0,1
1782741257.448,12461,B,73.12,0.01,0.0137,-0.21,1095.5,0.0001,B,0,1
1782741442.427,12465,S,73.19,0.01,0.0137,-0.35,1577.0,0.0777,B,0,1
1782741518.888,12467,B,73.12,0.03,0.041,-0.9,720.7,0.035,B,0,1
1782741543.016,12469,S,73.47,0.03,0.0408,-0.83,13184.7,0.068,B,0,1
1782742187.983,12494,S,73.19,0.02,0.0273,-0.83,1452.3,0.0301,B,0,1
1782742202.904,12495,B,72.98,0.03,0.0411,2.02,-6475.4,0.0992,A,1,1
1782742212.712,12496,S,73.19,0.02,0.0273,-0.87,-263.1,0.0154,B,0,1
1782742712.885,12527,B,72.3,0.02,0.0277,-0.33,-516.0,0.0187,B,0,1
1782743583.764,12548,B,72.98,0.12,0.1644,7.79,-16509.8,0.9371,B,1,0
1782743620.585,12549,B,72.98,0.03,0.0411,-0.36,2450.2,0.0187,B,0,1
1782744145.938,12557,S,73.37,0.04,0.0545,0.51,-1313.5,0.0491,B,0,1
1782745304.938,12578,S,73.59,0.08,0.1087,2.05,-3487.4,0.1925,B,1,0
1782745640.13,12585,B,72.86,0.02,0.0274,2.22,-12901.9,0.0426,A,1,1
1782745939.473,12592,B,72.77,0.02,0.0275,-0.96,2253.0,0.0277,B,0,1
1782746001.533,12593,B,72.77,0.01,0.0137,-0.52,11343.8,0.0771,B,0,1
1782748815.368,12651,S,73.85,0.05,0.0677,2.14,-2769.9,0.438,B,1,0
1782748881.396,12652,S,73.85,0.05,0.0677,-0.97,4605.8,0.0759,B,0,1
1782749272.288,12656,S,73.85,0.05,0.0677,2.52,-9280.3,0.3011,B,1,0
1782751808.832,12699,S,74.04,0.09,0.1216,2.66,-8881.2,0.8498,B,1,0
1782751867.482,12701,B,73.97,0.02,0.027,-1.08,3993.2,0.0699,B,0,1
1782752435.71,12709,S,74.04,0.01,0.0135,-1.01,2207.2,0.007,B,0,1
1782752667.825,12714,S,74.37,0.01,0.0134,-0.46,2091.2,0.0133,B,0,1
1782755225.301,12846,B,75.72,0.01,0.0132,2.62,-6283.6,0.0052,A,1,1
1782755330.272,12849,B,75.49,0.02,0.0265,-0.3,2999.5,0.0557,B,0,1
1782759600.373,12893,B,75.49,0.02,0.0265,-0.29,1862.7,0.0234,B,0,1
1782760694.524,12904,S,75.82,0.02,0.0264,-1.39,-58.4,0.038,B,0,1
1782761339.32,12915,S,76.17,0.02,0.0263,-0.62,-754.0,0.0421,B,0,1
1782761606.858,12920,S,75.74,0.14,0.1848,2.83,-11827.4,0.9666,B,1,0
1782762042.366,12925,B,75.81,0.02,0.0264,2.6,-13195.5,0.1075,B,1,0
1782762286.509,12927,B,75.81,0.01,0.0132,-0.76,2450.6,0.0196,B,0,1
1782764192.58,12952,S,75.74,0.01,0.0132,-0.43,3022.9,0.0065,B,0,1
1782765804.754,12967,B,75.37,0.04,0.0531,2.59,-11015.6,0.3388,B,1,0
1782765893.505,12968,B,75.37,0.01,0.0133,4.19,-14525.7,0.3532,B,1,0
1782769671.435,13006,B,75.65,0.09,0.119,7.25,-13679.9,0.7505,B,1,0
1782769889.885,13007,S,75.69,0.01,0.0132,0.11,1836.6,0.0085,B,0,1
1782770418.666,13010,S,75.5,0.03,0.0397,-0.91,1736.0,0.0637,B,0,1
1782771485.221,13020,S,75.5,0.02,0.0265,-0.93,2018.2,0.0574,B,0,1
1782772547.938,13033,B,75.19,0.01,0.0133,1.0,-2874.0,0.055,B,0,1
1782772695.466,13035,B,75.19,0.02,0.0266,-0.62,2893.0,0.076,B,0,1
1782772879.758,13038,B,75.24,0.07,0.093,3.18,-6441.9,0.4868,B,1,0
1782773846.079,13057,S,75.32,0.01,0.0133,-0.68,244.5,0.0306,B,0,1
1782773846.079,13057,B,75.24,0.02,0.0266,-0.59,244.5,0.0948,B,0,1
1782774236.819,13060,S,75.32,0.01,0.0133,0.15,-1535.9,0.0008,B,0,1
1782774236.819,13060,B,75.24,0.01,0.0133,0.28,-1535.9,0.0004,B,0,1
1782774294.214,13061,S,75.32,0.01,0.0133,-0.59,714.6,0.0293,B,0,1
1782774480.096,13063,S,75.32,0.01,0.0133,1.52,-2844.7,0.0178,B,0,1
1782776348.004,13109,B,75.02,0.01,0.0133,-0.22,-2676.2,0.0482,B,0,1
1782776780.845,13115,B,75.02,0.03,0.04,-0.63,-1571.7,0.0671,B,0,1
1782776887.321,13119,B,75.02,0.02,0.0267,0.75,-3761.3,0.0817,B,0,1
1782777206.915,13128,S,75.08,0.01,0.0133,-0.74,2582.7,0.0039,B,0,1
1782777206.915,13128,B,75.02,0.02,0.0267,-0.85,2582.7,0.0522,B,0,1
1782777510.151,13135,B,75.02,0.01,0.0133,-0.8,1343.9,0.0,B,0,1
1782777895.529,13148,S,75.17,0.01,0.0133,-0.45,1156.9,0.016,B,0,1
1782778252.458,13156,B,74.93,0.06,0.0801,6.46,-5889.0,0.8712,B,1,0
1782778389.742,13159,B,75.02,0.01,0.0133,-0.54,1048.4,0.0165,B,0,1
1782780652.242,13277,B,74.3,0.03,0.0404,3.97,-2716.1,0.5304,B,1,0
1782780785.666,13282,S,74.49,0.01,0.0134,0.57,-1594.3,0.0008,B,0,1
1782781377.962,13298,B,74.3,0.01,0.0135,-0.86,6284.0,0.0088,B,0,1
1782781412.009,13300,B,74.21,0.01,0.0135,-0.17,-1186.2,0.0469,B,0,1
1782781413.152,13301,B,74.21,0.01,0.0135,-0.84,0.0,0.0178,B,0,1
1782781496.501,13303,B,74.3,0.02,0.0269,-0.65,2196.2,0.0819,B,0,1
1782781588.687,13305,B,74.27,0.01,0.0135,-0.87,261.9,0.0186,B,0,1
1782781603.29,13306,B,74.3,0.01,0.0135,-0.84,3673.4,0.037,B,0,1
1782782836.08,13357,S,74.62,0.01,0.0134,2.36,-4820.9,0.2002,B,1,0
1782782862.926,13358,S,74.62,0.01,0.0134,-0.72,693.1,0.0081,B,0,1
1782782920.107,13360,S,74.62,0.01,0.0134,0.25,-320.4,0.0004,B,0,1
1782783001.232,13362,S,74.62,0.01,0.0134,-0.76,-371.5,0.0198,B,0,1
1782783029.508,13363,S,74.62,0.01,0.0134,-0.21,-1337.8,0.0005,B,0,1
1782783079.718,13364,S,74.62,0.01,0.0134,0.45,-1379.5,0.006,B,0,1
1782783145.521,13365,S,74.62,0.01,0.0134,-0.15,47.2,0.0009,B,0,1
1782785486.475,13402,B,74.16,0.01,0.0135,4.09,-2361.8,0.1867,B,1,0
1782788738.862,13460,S,74.64,0.01,0.0134,-0.59,-216.8,0.061,B,0,1
1782790237.005,13483,B,74.54,0.01,0.0134,2.3,-1443.0,0.0074,A,1,1
1782791244.406,13501,S,74.34,0.01,0.0135,-0.13,-712.0,0.0363,B,0,1
1782791333.666,13502,S,74.34,0.01,0.0135,-0.79,1563.3,0.0542,B,0,1
1782791848.468,13511,B,74.17,0.01,0.0135,-0.91,570.8,0.0019,B,0,1
1782792742.951,13558,B,73.88,0.02,0.0271,-0.47,687.3,0.0725,B,0,1
1782793005.434,13574,B,73.88,0.01,0.0135,-0.36,812.0,0.0186,B,0,1
1782793203.204,13589,B,73.71,0.02,0.0271,13.4,-8236.4,0.3516,B,1,0
1782793443.144,13605,B,73.88,0.01,0.0135,-0.52,4355.7,0.0103,B,0,1
1782793469.464,13608,S,73.78,0.01,0.0136,-0.48,0.0,0.0052,B,0,1
1782793476.063,13610,B,73.65,0.01,0.0136,1.73,-4067.2,0.0369,B,0,1
1782793492.096,13611,B,73.71,0.04,0.0543,2.36,-3318.1,0.9058,B,1,0
1782793536.411,13612,B,73.71,0.02,0.0271,0.05,-2005.1,0.0953,B,0,1
1782793847.493,13617,B,73.94,0.01,0.0135,-0.35,1243.9,0.0367,B,0,1
1782795799.743,13645,S,74.14,0.01,0.0135,-0.31,140.8,0.0127,B,0,1
1782796121.173,13650,S,74.07,0.01,0.0135,-0.64,871.4,0.0113,B,0,1
1782796188.798,13651,S,74.07,0.01,0.0135,0.6,-2676.6,0.0093,B,0,1
1782797096.2,13666,S,74.07,0.01,0.0135,1.15,-1812.5,0.0377,B,0,1
1782797310.358,13669,S,73.92,0.01,0.0135,-0.71,494.8,0.0168,B,0,1
1782797890.491,13679,S,73.92,0.01,0.0135,-1.02,678.3,0.0002,B,0,1
1782798393.018,13691,S,74.14,0.01,0.0135,-0.36,2432.8,0.0502,B,0,1
1782798679.453,13696,S,74.14,0.01,0.0135,-0.44,2359.9,0.0571,B,0,1
1782798910.345,13699,S,74.14,0.01,0.0135,1.16,-1034.6,0.0049,B,0,1
1782799371.734,13709,S,74.15,0.01,0.0135,-0.21,-530.7,0.0017,B,0,1
1782799610.468,13713,S,74.08,0.01,0.0135,-0.49,440.2,0.0001,B,0,1
1782800297.257,13723,B,73.94,0.01,0.0135,2.08,-1958.8,0.0606,A,1,1
1782800590.98,13731,B,73.94,0.01,0.0135,-0.79,1518.8,0.0075,B,0,1
1782801181.91,13745,S,74.18,0.01,0.0135,-0.86,609.0,0.0988,B,0,1
1782803492.324,13789,B,73.86,0.05,0.0677,4.58,-6025.8,0.8899,B,1,0
1782805005.127,13812,B,74.0,0.01,0.0135,0.09,-176.8,0.0211,B,0,1
1782805093.325,13813,S,74.01,0.01,0.0135,-0.54,-196.9,0.0017,B,0,1
1782805323.398,13816,B,74.02,0.01,0.0135,-0.62,1127.1,0.096,B,0,1
1782805940.687,13828,B,74.02,0.01,0.0135,0.2,-612.4,0.0,B,0,1
1782805977.172,13829,B,74.02,0.01,0.0135,-0.97,255.6,0.0012,B,0,1
1782806791.928,13846,S,74.18,0.01,0.0135,0.62,-1514.1,0.0054,B,0,1
1782807029.876,13851,S,74.01,0.01,0.0135,0.89,-287.9,0.0009,B,0,1
1782807231.745,13855,S,74.01,0.01,0.0135,-0.71,-72.1,0.0184,B,0,1
1782808257.393,13874,B,73.96,0.01,0.0135,-0.28,-130.9,0.0611,B,0,1
1782808298.224,13875,S,74.01,0.01,0.0135,-0.42,-469.7,0.0158,B,0,1
1782808880.989,13955,S,73.56,0.01,0.0136,-0.1,-798.4,0.0061,B,0,1
1782808989.569,13967,S,73.57,0.01,0.0136,-0.82,0.0,0.0012,B,0,1
1782809102.07,13972,S,73.57,0.01,0.0136,2.41,-458.3,0.0695,A,1,1
1782809150.095,13981,B,73.36,0.01,0.0136,-0.29,-117.8,0.0192,B,0,1
1782809161.244,13983,B,73.36,0.06,0.0818,9.55,-5210.1,0.8988,B,1,0
1782809174.799,13984,B,73.36,0.03,0.0409,2.04,-2274.7,0.3198,B,1,0
1782809242.604,13990,B,73.3,0.01,0.0136,-0.36,-120.3,0.0232,B,0,1
1782809257.937,13991,B,73.3,0.01,0.0136,-0.52,387.5,0.0211,B,0,1
1782809370.226,13999,B,73.3,0.01,0.0136,-0.52,1792.9,0.0512,B,0,1
1782809385.06,14000,B,73.3,0.01,0.0136,-0.51,1333.4,0.0852,B,0,1
1782809399.074,14007,S,73.55,0.01,0.0136,-0.41,0.0,0.069,B,0,1
1782809399.164,14008,S,73.55,0.01,0.0136,-0.41,0.0,0.0561,B,0,1
1782809423.982,14017,B,73.36,0.01,0.0136,-0.39,6761.9,0.0559,B,0,1
1782809461.152,14020,B,73.36,0.01,0.0136,-0.47,79.2,0.0444,B,0,1
1782809501.916,14023,B,73.3,0.01,0.0136,4.84,-2622.9,0.0044,A,1,1
1782809517.79,14024,B,73.3,0.01,0.0136,3.47,-4020.7,0.0207,A,1,1
1782809581.877,14027,B,73.43,0.01,0.0136,0.84,-130.8,0.0002,B,0,1
1782809699.902,14032,S,73.57,0.01,0.0136,-0.23,-283.2,0.0316,B,0,1
1782809713.648,14033,S,73.57,0.01,0.0136,-0.6,3532.7,0.0187,B,0,1
1782809728.574,14034,S,73.56,0.01,0.0136,0.49,-1170.9,0.0059,B,0,1
1782809891.275,14038,S,73.56,0.01,0.0136,1.62,-1529.8,0.0001,B,0,1
1782810113.232,14046,S,73.57,0.01,0.0136,-0.94,-236.3,0.0665,B,0,1
1782812233.702,14111,S,73.71,0.01,0.0136,1.94,-1355.7,0.001,B,0,1
1782813403.552,14134,S,73.77,0.01,0.0136,0.57,-469.1,0.001,B,0,1
1782813860.983,14141,B,73.73,0.01,0.0136,-0.35,1282.3,0.0146,B,0,1
1782814050.665,14143,B,73.73,0.01,0.0136,0.69,-845.9,0.0156,B,0,1
1782814191.099,14145,S,73.84,0.01,0.0135,-0.45,-654.0,0.0008,B,0,1
1782814330.77,14149,S,73.71,0.01,0.0136,1.47,-1431.4,0.0182,B,0,1
1782814792.604,14153,S,73.77,0.03,0.0407,-0.21,182.1,0.009,B,0,1
1782814792.604,14153,B,73.73,0.01,0.0136,0.82,182.1,0.037,B,0,1
1782814966.203,14155,S,73.71,0.01,0.0136,1.39,-1331.9,0.0016,B,0,1
1782815090.173,14158,B,73.6,0.01,0.0136,0.62,81.5,0.0644,B,0,1
1782815148.778,14160,S,73.71,0.01,0.0136,-1.1,3610.6,0.0183,B,0,1
1782815345.342,14162,S,73.71,0.01,0.0136,3.03,-1737.2,0.0011,A,1,1
1782815459.235,14165,B,73.55,0.01,0.0136,-0.9,-1572.6,0.0496,B,0,1
1782815721.231,14169,B,73.58,0.01,0.0136,-0.71,1153.6,0.0007,B,0,1
1782815868.686,14172,B,73.5,0.01,0.0136,-0.58,82.4,0.0337,B,0,1
1782816012.419,14177,B,73.54,0.02,0.0272,-1.0,1136.6,0.084,B,0,1
1782816222.196,14180,B,73.54,0.01,0.0136,-1.0,299.0,0.0012,B,0,1
1782816983.684,14191,B,73.6,0.02,0.0272,0.17,-811.9,0.0816,B,0,1
1782817037.009,14192,B,73.73,0.01,0.0136,-0.71,582.8,0.0232,B,0,1
1782817349.124,14197,B,73.6,0.01,0.0136,-0.26,307.7,0.0004,B,0,1
1782819279.66,14242,B,73.35,0.04,0.0545,2.62,-1788.0,0.6114,B,1,0
1782819317.332,14243,B,73.35,0.01,0.0136,-0.63,2732.0,0.0248,B,0,1
1782819323.852,14244,B,73.43,0.01,0.0136,-0.66,559.6,0.0061,B,0,1
1782819397.181,14248,S,73.5,0.01,0.0136,0.46,-174.2,0.0979,B,0,1
1782819475.236,14249,S,73.5,0.01,0.0136,-0.07,824.4,0.0473,B,0,1
1782819596.167,14253,B,73.43,0.01,0.0136,5.71,-3619.2,0.0652,A,1,1
1782819676.864,14254,B,73.43,0.01,0.0136,2.11,-2083.7,0.3547,B,1,0
1782820399.304,14267,B,73.59,0.01,0.0136,-0.27,723.4,0.0036,B,0,1
1782820459.747,14269,S,73.46,0.01,0.0136,-0.78,-503.7,0.07,B,0,1
1782820822.806,14278,B,73.35,0.01,0.0136,-0.78,1023.5,0.0006,B,0,1
1782825168.616,14586,B,72.24,0.02,0.0277,-0.55,8587.9,0.0656,B,0,1
1782825188.575,14587,S,72.29,0.01,0.0138,-0.26,5041.5,0.0231,B,0,1
1782825188.575,14587,B,72.24,0.02,0.0277,-0.54,5041.5,0.0557,B,0,1
1782825223.171,14588,S,72.29,0.01,0.0138,2.26,-1442.9,0.0277,A,1,1
1782826263.017,14626,S,72.56,0.01,0.0138,-1.0,2778.2,0.0462,B,0,1
1782826861.629,14678,B,72.38,0.01,0.0138,-0.6,0.0,0.0343,B,0,1
1782827423.139,14693,B,72.38,0.08,0.1105,3.09,-1169.4,0.3054,B,1,0
1782827476.622,14699,S,72.82,0.01,0.0137,-0.91,0.0,0.0165,B,0,1
1782827480.536,14700,S,72.82,0.01,0.0137,-0.86,-51.0,0.0039,B,0,1
1782827522.891,14704,S,72.76,0.03,0.0412,-0.83,3696.7,0.0722,B,0,1
1782827597.235,14711,S,72.76,0.04,0.055,4.44,-4072.0,0.896,B,1,0
1782827601.139,14712,S,72.76,0.01,0.0137,-0.71,-292.4,0.0,B,0,1
1782827615.14,14714,S,72.76,0.01,0.0137,-0.31,5019.5,0.0016,B,0,1
1782827759.786,14721,S,72.8,0.02,0.0275,-0.57,1950.1,0.038,B,0,1
1782829349.679,14812,S,73.44,0.01,0.0136,0.59,1885.7,0.0245,B,0,1
1782829389.772,14815,S,73.51,0.01,0.0136,0.94,-666.2,0.0648,B,0,1
1782829506.681,14824,S,73.59,0.04,0.0544,0.79,-3104.8,0.0952,B,0,1
1782830201.203,14849,S,73.59,0.01,0.0136,-0.31,-1992.2,0.0845,B,0,1
1782830291.247,14854,S,73.44,0.01,0.0136,0.66,-2454.0,0.0317,B,0,1
1782830963.896,14879,B,73.08,0.01,0.0137,-0.77,3997.2,0.0055,B,0,1
1782830978.067,14880,B,73.08,0.01,0.0137,-0.49,-142.0,0.0676,B,0,1
1782831841.452,14908,S,73.04,0.02,0.0274,-0.29,-2576.2,0.0719,B,0,1
1782833069.228,14959,B,73.08,0.02,0.0274,-0.1,-2198.9,0.0913,B,0,1
1782833174.366,14963,S,73.32,0.03,0.0409,0.65,-1161.9,0.0888,B,0,1
1782833571.724,14970,S,73.32,0.01,0.0136,0.03,357.0,0.0528,B,0,1
1782833788.407,14974,S,73.32,0.01,0.0136,0.32,-1882.1,0.0713,B,0,1
1782834859.451,15008,S,73.5,0.01,0.0136,0.5,-3236.6,0.001,B,0,1
1782835090.523,15011,S,73.5,0.02,0.0272,0.53,-6212.6,0.0187,B,0,1
1782835208.519,15018,S,73.06,0.01,0.0137,-0.7,0.0,0.0003,B,0,1
1782836029.888,15035,B,73.02,0.01,0.0137,-0.63,-346.8,0.012,B,0,1
1782836754.201,15046,B,72.73,0.01,0.0137,-0.15,-2192.2,0.0339,B,0,1
1782837061.91,15049,B,72.73,0.01,0.0137,-0.29,2978.1,0.0036,B,0,1
1782837147.704,15050,B,72.73,0.01,0.0137,-0.37,-1643.2,0.0113,B,0,1
1782837584.214,15056,B,73.04,0.01,0.0137,-0.42,768.1,0.0026,B,0,1
1782837662.551,15057,B,73.13,0.01,0.0137,-0.26,-799.5,0.0093,B,0,1
1782838045.197,15060,B,73.13,0.01,0.0137,-0.43,4725.5,0.0004,B,0,1
1782839594.33,15087,S,73.57,0.01,0.0136,-0.26,-4031.5,0.0052,B,0,1
1782839758.571,15089,B,73.41,0.01,0.0136,0.11,-1765.3,0.013,B,0,1
1782839876.789,15091,S,73.57,0.01,0.0136,-1.05,901.5,0.0024,B,0,1
1782845313.396,15142,S,73.55,0.02,0.0272,3.92,-8751.0,0.1865,B,1,0
1782846393.271,15155,S,73.52,0.01,0.0136,-0.56,-623.6,0.0009,B,0,1
1782847963.265,15168,S,73.72,0.01,0.0136,-1.01,2603.1,0.0398,B,0,1
1782848200.559,15176,S,73.91,0.01,0.0135,0.74,-1150.8,0.0001,B,0,1
1782848423.203,15179,S,73.79,0.01,0.0136,-1.18,0.0,0.025,B,0,1
1782848630.22,15181,S,73.79,0.01,0.0136,-0.79,2366.9,0.0,B,0,1
1782848822.43,15183,S,73.72,0.02,0.0271,-0.01,-949.5,0.041,B,0,1
1782850156.448,15204,S,73.79,0.02,0.0271,-0.23,368.1,0.0359,B,0,1
1782850323.788,15207,S,73.79,0.04,0.0542,-0.55,345.2,0.0573,B,0,1
1782850806.467,15213,S,73.72,0.06,0.0814,-0.18,-2089.9,0.0958,B,0,1
1782850847.515,15215,S,73.72,0.01,0.0136,0.35,-3073.5,0.0577,B,0,1
1782851056.732,15219,B,73.62,0.04,0.0543,2.92,-3805.4,0.2374,B,1,0
1782851347.495,15221,B,73.62,0.02,0.0272,0.58,-716.6,0.0414,B,0,1
1782851649.368,15226,B,73.54,0.01,0.0136,2.79,-6100.6,0.1156,B,1,0
1782852695.087,15243,S,73.72,0.01,0.0136,4.16,-8527.0,0.03,A,1,1
1782853501.089,15250,S,73.72,0.01,0.0136,-0.61,460.5,0.0116,B,0,1
1782853628.25,15252,B,73.62,0.02,0.0272,-0.16,-91.9,0.0208,B,0,1
1782853746.057,15253,B,73.62,0.01,0.0136,0.35,-1554.6,0.0007,B,0,1
1782854401.979,15290,S,73.35,0.01,0.0136,-0.23,-303.6,0.0056,B,0,1
1782855915.061,15308,S,73.41,0.01,0.0136,-0.81,663.6,0.0053,B,0,1
1782856560.228,15313,S,73.41,0.01,0.0136,-0.57,-424.4,0.0063,B,0,1
1782856801.518,15314,S,73.48,0.01,0.0136,0.77,-863.2,0.0016,B,0,1
1782858733.067,15356,B,73.25,0.02,0.0273,-0.63,0.0,0.0924,B,0,1
1782858737.552,15357,B,73.25,0.01,0.0137,-0.63,1345.1,0.0142,B,0,1
1782858766.266,15359,B,73.25,0.01,0.0137,2.68,-4980.5,0.019,A,1,1
1782858850.139,15361,S,73.35,0.02,0.0273,0.22,76.2,0.0332,B,0,1
1782859766.104,15374,S,73.41,0.01,0.0136,-0.4,1827.3,0.0248,B,0,1
1782859962.911,15376,S,73.35,0.01,0.0136,-0.51,1570.2,0.0126,B,0,1
1782860456.732,15380,S,73.41,0.02,0.0272,-0.57,1369.4,0.0757,B,0,1
1782860501.338,15381,S,73.41,0.01,0.0136,-0.58,2108.1,0.0304,B,0,1
1782861774.334,15393,B,73.46,0.02,0.0272,-0.47,103.2,0.0656,B,0,1
1782862900.939,15410,B,73.48,0.01,0.0136,0.85,-972.5,0.071,B,0,1
1782864171.604,15434,S,73.68,0.02,0.0271,-0.95,2136.3,0.0857,B,0,1
1782864227.31,15436,B,73.54,0.01,0.0136,-0.41,-453.9,0.0465,B,0,1
1782864341.12,15440,S,73.68,0.01,0.0136,2.57,-1667.1,0.0223,A,1,1
1782865271.482,15467,B,73.54,0.01,0.0136,0.17,-1172.7,0.0052,B,0,1
1782865851.58,15498,B,73.52,0.02,0.0272,-0.74,1439.3,0.0799,B,0,1
1782866632.966,15519,B,73.54,0.01,0.0136,-0.46,543.3,0.0021,B,0,1
1782868378.887,15649,B,72.35,0.01,0.0138,0.19,-1582.0,0.0023,B,0,1
1782868379.942,15651,B,72.35,0.02,0.0276,3.62,-4020.6,0.7493,B,1,0
1782868384.673,15655,B,72.35,0.01,0.0138,-0.5,0.0,0.004,B,0,1
1782868705.104,15741,S,72.92,0.01,0.0137,-0.58,-359.4,0.0008,B,0,1
1782869037.055,15785,S,73.28,0.01,0.0136,0.39,877.6,0.0,B,0,1
1782869144.52,15789,S,73.19,0.06,0.082,2.03,-464.8,0.6127,B,1,0
1782869370.746,15812,S,73.28,0.02,0.0273,-0.57,2637.1,0.0795,B,0,1
1782869610.456,15828,S,73.35,0.03,0.0409,2.32,-950.2,0.0336,A,1,1
1782869892.658,15840,S,73.47,0.01,0.0136,-0.89,512.3,0.0056,B,0,1
1782870004.913,15892,B,73.92,0.04,0.0541,4.55,-2919.2,0.9255,B,1,0
1782870012.97,15893,B,73.92,0.01,0.0135,-0.28,-921.4,0.0069,B,0,1
1782870019.997,15894,B,73.92,0.02,0.0271,0.52,-1512.0,0.0903,B,0,1
1782870039.937,15898,B,73.88,0.01,0.0135,-0.3,-104.7,0.021,B,0,1
1782870580.822,15972,B,73.88,0.01,0.0135,-0.65,715.3,0.0532,B,0,1
1782870601.042,15973,B,73.87,0.01,0.0135,5.28,-1381.3,0.0109,A,1,1
1782870795.415,15983,B,73.87,0.01,0.0135,0.09,107.8,0.0334,B,0,1
1782870859.291,15985,B,73.92,0.01,0.0135,0.55,68.6,0.0959,B,0,1
1782870881.091,15986,B,73.92,0.01,0.0135,-0.64,-49.0,0.0003,B,0,1
1782870903.397,15988,B,73.99,0.02,0.027,-0.66,-1604.6,0.0286,B,0,1
1782871171.693,15996,B,73.92,0.01,0.0135,0.67,1313.4,0.0036,B,0,1
1782871427.98,16005,B,73.99,0.01,0.0135,-0.64,-228.4,0.001,B,0,1
1782871506.835,16007,S,74.03,0.01,0.0135,-0.66,524.8,0.0686,B,0,1
1782871640.323,16013,B,73.76,0.01,0.0136,2.34,-543.5,0.0668,A,1,1
1782871840.309,16019,B,73.92,0.02,0.0271,-0.87,1200.3,0.0797,B,0,1
1782872792.23,16080,S,74.49,0.01,0.0134,-0.61,1762.8,0.0027,B,0,1
1782872801.706,16082,S,74.49,0.01,0.0134,-0.55,1085.8,0.0046,B,0,1
1782873006.123,16094,S,74.49,0.01,0.0134,-0.39,-106.2,0.0026,B,0,1
1782873168.529,16115,S,74.58,0.03,0.0402,3.12,-2415.9,0.3282,B,1,0
1782873221.178,16118,S,74.56,0.01,0.0134,-0.66,78.3,0.0075,B,0,1
1782873237.024,16119,S,74.56,0.01,0.0134,-0.11,-712.8,0.0176,B,0,1
1782873670.394,16165,S,74.78,0.02,0.0267,-0.49,5094.8,0.0291,B,0,1
1782873937.661,16190,S,75.01,0.01,0.0133,-0.47,5611.6,0.0249,B,0,1
1782873956.458,16191,S,74.99,0.02,0.0267,-0.41,6748.9,0.0782,B,0,1
1782874031.02,16195,S,74.78,0.02,0.0267,-0.47,83.8,0.0747,B,0,1
1782874094.103,16198,B,74.67,0.01,0.0134,-0.47,837.0,0.0514,B,0,1
1782874666.61,16219,S,74.85,0.01,0.0134,1.09,-1146.4,0.0763,B,0,1
1782874734.599,16220,S,74.85,0.01,0.0134,-0.25,441.9,0.0223,B,0,1
1782875176.639,16244,B,74.71,0.03,0.0402,-0.46,-857.8,0.0899,B,0,1
1782875235.114,16246,S,74.85,0.02,0.0267,-0.59,3792.8,0.0289,B,0,1
1782877725.468,16344,S,75.21,0.06,0.0798,4.75,-3709.6,0.9697,B,1,0
1782878113.849,16370,S,75.57,0.01,0.0132,2.71,-2550.4,0.005,A,1,1
1782878672.79,16399,B,75.41,0.02,0.0265,-0.47,2386.1,0.0552,B,0,1
1782879856.195,16422,B,75.31,0.01,0.0133,-0.92,3683.5,0.0036,B,0,1
1782880073.624,16425,B,75.31,0.01,0.0133,-0.8,1618.9,0.0045,B,0,1
1782880110.269,16426,B,75.37,0.02,0.0265,-0.91,1642.6,0.0548,B,0,1
1782880277.858,16431,S,75.57,0.01,0.0132,-0.25,20.1,0.0204,B,0,1
1782880402.058,16442,S,75.63,0.01,0.0132,4.79,1267.8,0.025,B,0,1
1782880542.209,16445,B,75.41,0.02,0.0265,6.76,-4215.1,0.2311,B,1,0
1782883181.374,16491,B,75.5,0.01,0.0132,-0.04,1195.9,0.0401,B,0,1
1782884007.893,16510,B,75.21,0.02,0.0266,-0.53,-46.1,0.074,B,0,1
1782884297.226,16514,B,75.12,0.01,0.0133,1.23,-2476.4,0.008,B,0,1
1782884467.565,16516,B,75.21,0.02,0.0266,-0.89,524.2,0.053,B,0,1
1782884681.627,16518,S,75.28,0.01,0.0133,-0.62,2266.4,0.0006,B,0,1
1782884781.917,16520,B,75.34,0.02,0.0265,4.17,-7598.8,0.0515,A,1,1
1782884908.31,16522,S,75.28,0.02,0.0266,-0.77,3342.6,0.0267,B,0,1
1782885680.099,16531,B,75.12,0.01,0.0133,-0.82,1453.0,0.0572,B,0,1
1782888224.224,16635,B,74.15,0.01,0.0135,0.0,323.8,0.0137,B,0,1
1782888302.085,16637,B,74.15,0.01,0.0135,-0.52,1055.2,0.0007,B,0,1
1782888567.842,16645,B,74.02,0.01,0.0135,-0.79,4898.9,0.0015,B,0,1
1782889204.046,16658,B,74.15,0.01,0.0135,-0.61,2011.6,0.0146,B,0,1
1782889444.392,16662,S,74.24,0.03,0.0404,-0.52,-607.4,0.031,B,0,1
1782889861.0,16669,B,74.14,0.02,0.027,-0.72,1428.9,0.0318,B,0,1
1782890017.5,16672,S,74.35,0.03,0.0403,3.74,-2672.5,0.0953,A,1,1
1782890460.006,16685,S,74.25,0.02,0.0269,2.11,-3532.7,0.2182,B,1,0
1782890469.89,16686,S,74.24,0.02,0.0269,3.05,-5270.0,0.313,B,1,0
1782892319.013,16722,S,74.75,0.1,0.1338,2.52,-12828.8,0.7741,B,1,0
1782893925.955,16756,S,74.75,0.01,0.0134,-0.73,0.0,0.0921,B,0,1
1782894170.993,16762,S,74.52,0.07,0.0939,2.08,-3605.4,0.7985,B,1,0
1782894858.74,16776,B,74.47,0.05,0.0671,3.15,-7610.4,0.2107,B,1,0
1782897752.084,16850,B,75.1,0.03,0.0399,-0.46,1326.4,0.0567,B,0,1
1782897900.612,16851,B,75.1,0.01,0.0133,0.93,-1700.3,0.0063,B,0,1
1782898787.107,16865,B,75.2,0.02,0.0266,6.69,-11320.8,0.0655,A,1,1
1782899546.275,16883,S,75.37,0.01,0.0133,-0.63,2122.1,0.0112,B,0,1
1782900147.189,16902,S,75.31,0.01,0.0133,0.53,317.4,0.0159,B,0,1
1782900506.891,16911,S,75.37,0.01,0.0133,1.02,4647.2,0.0016,B,0,1
1782900776.876,16922,S,75.37,0.01,0.0133,18.73,-9941.6,0.0013,A,1,1
1782900776.876,16922,B,75.32,0.01,0.0133,12.5,-9941.6,0.0709,A,1,1
1782900789.014,16923,S,75.31,0.02,0.0266,-0.32,699.8,0.0509,B,0,1
1782900945.897,16926,S,75.28,0.01,0.0133,-0.05,1211.0,0.0024,B,0,1
1782900985.535,16927,S,75.28,0.01,0.0133,0.11,2335.5,0.0004,B,0,1
1782900985.535,16927,B,75.25,0.01,0.0133,-0.06,2335.5,0.0702,B,0,1
1782901092.077,16929,B,75.32,0.02,0.0266,0.41,1747.3,0.0322,B,0,1
1782901804.896,16940,S,75.31,0.01,0.0133,-0.19,3151.8,0.0118,B,0,1
1782901925.48,16941,B,75.25,0.01,0.0133,-0.45,2396.1,0.036,B,0,1
1782902656.343,16957,B,75.01,0.02,0.0267,4.82,-6559.8,0.2388,B,1,0
1782903400.742,16963,B,75.01,0.01,0.0133,-0.68,3074.3,0.0225,B,0,1
1782906599.963,17035,B,74.75,0.01,0.0134,-0.59,0.0,0.0701,B,0,1
1782906663.775,17039,B,74.77,0.02,0.0267,-0.56,4043.6,0.0727,B,0,1
1782907687.723,17060,B,74.6,0.1,0.134,4.01,-6857.4,0.9952,B,1,0
1782907751.464,17061,B,74.6,0.04,0.0536,6.14,-11952.1,0.2435,B,1,0
1782907800.165,17064,B,74.72,0.01,0.0134,-0.65,5850.9,0.0012,B,0,1
1782907837.754,17065,B,74.72,0.01,0.0134,-0.47,4432.1,0.0,B,0,1
1782907920.385,17070,B,74.49,0.01,0.0134,0.37,-618.6,0.0176,B,0,1
1782907937.128,17071,B,74.49,0.01,0.0134,0.0,-1806.3,0.0583,B,0,1
1782908004.829,17073,B,74.49,0.02,0.0268,-0.02,1291.2,0.0711,B,0,1
1782908388.133,17087,B,74.49,0.01,0.0134,-0.33,1844.4,0.0035,B,0,1
1782909193.489,17099,B,74.49,0.02,0.0268,0.36,-2417.1,0.0749,B,0,1
1782909832.494,17118,B,74.4,0.03,0.0403,0.71,-1806.8,0.051,B,0,1
1782910127.274,17121,B,74.34,0.01,0.0135,0.79,-1985.5,0.0044,B,0,1
1782910204.861,17122,B,74.34,0.01,0.0135,0.4,-2053.1,0.0212,B,0,1
1782910354.797,17125,B,74.4,0.02,0.0269,-0.13,328.1,0.0263,B,0,1
1782910516.078,17132,B,74.34,0.02,0.0269,-0.66,3355.1,0.0427,B,0,1
1782910856.768,17142,B,74.6,0.01,0.0134,-0.63,-144.4,0.0007,B,0,1
1782911130.972,17155,S,74.83,0.01,0.0134,-0.48,-190.9,0.0209,B,0,1
1782911261.088,17159,S,74.83,0.01,0.0134,-0.71,2957.5,0.0002,B,0,1
1782912643.051,17224,B,74.74,0.06,0.0803,2.82,-7887.1,0.9448,B,1,0
1782912652.817,17225,B,74.8,0.03,0.0401,-0.05,-2874.2,0.0438,B,0,1
1782912725.458,17234,B,75.0,0.01,0.0133,0.55,-3028.1,0.0217,B,0,1
1782912781.013,17247,S,75.3,0.02,0.0266,-0.55,7462.7,0.0902,B,0,1
1782912793.675,17252,B,75.0,0.01,0.0133,-0.52,0.0,0.0009,B,0,1
1782912813.519,17253,S,75.11,0.03,0.0399,11.02,-12275.8,0.1881,B,1,0
1782912904.246,17257,B,75.23,0.01,0.0133,0.17,-192.7,0.0431,B,0,1
1782913136.306,17270,B,75.23,0.01,0.0133,-0.23,2162.8,0.0133,B,0,1
1782913144.312,17271,S,75.4,0.02,0.0265,-0.43,809.1,0.075,B,0,1
1782913151.849,17272,S,75.4,0.04,0.0531,-0.37,1187.6,0.0839,B,0,1
1782913187.645,17273,S,75.38,0.01,0.0133,-0.4,8552.7,0.0226,B,0,1
1782913220.273,17274,B,75.23,0.01,0.0133,-0.38,2812.2,0.001,B,0,1
1782913287.551,17281,S,75.57,0.01,0.0132,-0.38,48.8,0.0348,B,0,1
1782913348.332,17290,S,75.51,0.01,0.0132,-0.15,3750.0,0.0145,B,0,1
1782913588.7,17305,S,75.66,0.01,0.0132,43.35,-11501.4,0.0024,A,1,1
1782913775.321,17320,S,75.69,0.01,0.0132,-0.18,-287.2,0.0085,B,0,1
1782913821.771,17323,S,75.57,0.05,0.0662,-0.4,13712.0,0.0405,B,0,1
1782914506.574,17376,S,75.69,0.04,0.0528,3.75,-4972.0,0.3393,B,1,0
1782915255.278,17414,S,76.29,0.01,0.0131,-0.71,126.1,0.0482,B,0,1
1782915316.808,17418,S,76.29,0.01,0.0131,2.31,-2654.4,0.0206,A,1,1
1782915343.232,17420,S,76.29,0.04,0.0524,2.03,-2410.8,0.0849,A,1,1
1782915360.078,17421,S,76.29,0.01,0.0131,-0.66,4913.0,0.0002,B,0,1
1782915535.876,17473,B,76.96,0.02,0.026,-0.45,58.5,0.0725,B,0,1
1782916788.858,17538,S,76.74,0.02,0.0261,2.03,-2944.1,0.3577,B,1,0
1782917128.608,17552,S,76.74,0.01,0.013,0.59,-2089.5,0.0204,B,0,1
1782917228.819,17556,B,76.41,0.03,0.0393,-0.12,123.6,0.0736,B,0,1
1782917564.939,17567,S,77.01,0.05,0.0649,2.02,-2264.0,0.1913,B,1,0
1782918335.19,17585,S,77.13,0.01,0.013,0.61,1312.0,0.0141,B,0,1
1782918359.953,17586,S,77.13,0.01,0.013,3.49,-6223.3,0.0025,A,1,1
1782919939.284,17645,S,77.44,0.06,0.0775,0.18,3839.5,0.0616,B,0,1
1782921554.618,17668,S,77.44,0.03,0.0387,6.89,-7548.1,0.2353,B,1,0
1782921554.618,17668,B,77.38,0.01,0.0129,1.76,-7548.1,0.0155,B,0,1
1782922152.242,17678,B,77.38,0.01,0.0129,-0.01,1986.7,0.0066,B,0,1
1782922324.602,17681,S,77.44,0.02,0.0258,0.44,3846.9,0.0921,B,0,1
1782922324.602,17681,B,77.38,0.02,0.0258,-0.73,3846.9,0.0558,B,0,1
1782922742.011,17686,B,77.38,0.01,0.0129,0.67,-4004.8,0.078,B,0,1
1782922926.338,17689,S,77.44,0.01,0.0129,-0.9,3429.7,0.0137,B,0,1
1782923175.798,17692,B,77.38,0.03,0.0388,-1.19,6125.6,0.0509,B,0,1
1782924399.234,17720,S,77.62,0.01,0.0129,0.2,-1117.4,0.0227,B,0,1
1782924565.784,17722,S,77.47,0.01,0.0129,-0.51,3294.1,0.0001,B,0,1
1782924630.436,17723,B,77.28,0.04,0.0518,3.37,-6289.9,0.0813,A,1,1
1782924747.436,17724,B,77.28,0.01,0.0129,0.33,773.1,0.0023,B,0,1
1782924884.909,17728,B,77.14,0.02,0.0259,-0.72,9059.7,0.0839,B,0,1
1782925182.092,17738,B,77.06,0.01,0.013,-0.47,5032.7,0.0103,B,0,1
1782925268.67,17739,B,77.06,0.01,0.013,-0.4,3870.8,0.0009,B,0,1
1782926377.271,17753,S,77.47,0.03,0.0387,-0.14,5749.7,0.0724,B,0,1
1782926624.154,17759,S,77.62,0.01,0.0129,-0.17,2763.7,0.0534,B,0,1
1782927251.967,17771,S,77.62,0.01,0.0129,-0.01,2106.5,0.0,B,0,1
1782929103.606,17790,S,77.86,0.01,0.0128,2.07,-5459.8,0.0017,A,1,1
1782929224.681,17791,S,77.86,0.01,0.0128,1.25,-4487.2,0.0036,B,0,1
1782931006.29,17808,B,77.65,0.03,0.0386,-0.56,2735.0,0.0827,B,0,1
1782931466.65,17812,B,77.65,0.03,0.0386,-0.32,2726.2,0.0724,B,0,1
1782932372.385,17824,B,77.31,0.01,0.0129,-1.02,17606.1,0.0291,B,0,1
1782932848.007,17827,B,77.53,0.02,0.0258,0.1,-1692.8,0.0212,B,0,1
1782933447.664,17832,B,77.47,0.02,0.0258,1.46,-6855.8,0.0328,B,0,1
1782933559.952,17833,B,77.47,0.03,0.0387,-0.77,2299.5,0.0639,B,0,1
1782933595.605,17834,B,77.47,0.02,0.0258,1.4,-5753.1,0.0155,B,0,1
1782934250.993,17845,B,77.31,0.02,0.0259,-0.88,316.7,0.0505,B,0,1
1782934422.398,17847,B,77.24,0.06,0.0777,2.7,-12219.4,0.1878,B,1,0
1782934694.222,17852,B,77.24,0.01,0.0129,-0.18,-3555.7,0.065,B,0,1
1782935272.328,17858,B,77.09,0.01,0.013,-0.82,6989.4,0.0001,B,0,1
1782937372.203,17910,B,76.63,0.01,0.013,-0.54,4055.7,0.0449,B,0,1
1782937729.046,17920,S,76.88,0.01,0.013,-0.75,-362.0,0.0084,B,0,1
1782938407.191,17940,B,77.15,0.05,0.0648,-0.8,0.0,0.0483,B,0,1
1782938431.234,17942,B,77.15,0.01,0.013,0.7,-4093.8,0.0329,B,0,1
1782943216.07,18079,S,78.41,0.01,0.0128,-0.81,405.9,0.0212,B,0,1
1782944547.232,18095,S,78.62,0.01,0.0127,-0.74,7788.5,0.0,B,0,1
1782944547.232,18095,B,78.34,0.01,0.0128,-0.81,7788.5,0.0025,B,0,1
1782944664.081,18101,S,78.62,0.04,0.0509,-0.39,2537.1,0.0442,B,0,1
1782944901.706,18106,S,78.41,0.02,0.0255,-0.27,127.9,0.0924,B,0,1
1782944919.945,18107,B,78.34,0.01,0.0128,-1.0,2239.5,0.0131,B,0,1
1782945132.304,18114,B,78.16,0.02,0.0256,1.73,-506.8,0.0706,B,0,1
1782945299.753,18118,B,78.16,0.01,0.0128,1.03,-769.9,0.007,B,0,1
1782946297.058,18150,B,77.8,0.05,0.0643,5.69,-4721.8,0.3085,B,1,0
1782948870.251,18213,S,77.71,0.01,0.0129,0.11,-2890.9,0.0071,B,0,1
1782948918.779,18215,B,77.54,0.01,0.0129,-0.86,4995.2,0.0001,B,0,1
1782949358.046,18242,B,77.46,0.02,0.0258,-0.39,3852.0,0.0342,B,0,1
1782949477.878,18244,B,77.46,0.02,0.0258,0.72,640.0,0.0725,B,0,1
1782950710.308,18285,B,77.21,0.01,0.013,0.58,-2038.4,0.0008,B,0,1
1782951862.283,18303,B,77.21,0.02,0.0259,-0.23,-466.2,0.0546,B,0,1
1782953380.161,18323,B,77.09,0.01,0.013,-1.64,0.0,0.0947,B,0,1
1782953479.751,18328,B,77.21,0.01,0.013,-1.27,6925.8,0.0024,B,0,1
1782954275.502,18341,S,77.33,0.04,0.0517,-0.16,-2629.7,0.0702,B,0,1
1782954455.678,18344,B,77.21,0.01,0.013,-0.56,2092.5,0.0031,B,0,1
1782954562.618,18345,S,77.39,0.01,0.0129,0.27,-1665.1,0.0026,B,0,1
1782954674.435,18349,S,77.42,0.03,0.0387,-0.95,1130.8,0.0943,B,0,1
1782956370.081,18392,S,78.35,0.01,0.0128,-0.87,3413.8,0.0009,B,0,1
1782958783.5,18441,S,78.09,0.01,0.0128,-0.64,1989.1,0.0573,B,0,1
1782959374.355,18448,S,78.17,0.02,0.0256,-0.05,-1048.1,0.0441,B,0,1
1782959488.91,18450,B,78.12,0.03,0.0384,-0.63,-1068.0,0.0248,B,0,1
1782959794.934,18453,S,78.35,0.01,0.0128,0.74,2907.7,0.043,B,0,1
1782960544.489,18468,S,78.49,0.02,0.0255,4.51,-5234.9,0.3141,B,1,0
1782960589.198,18470,S,78.35,0.04,0.0511,0.23,-5444.1,0.0953,B,0,1
1782962311.721,18489,B,78.25,0.01,0.0128,0.21,496.5,0.0367,B,0,1
1782962386.501,18492,S,78.17,0.01,0.0128,0.7,-2052.8,0.0195,B,0,1
1782963171.748,18534,B,78.25,0.03,0.0383,-0.4,4719.4,0.078,B,0,1
1782963527.366,18539,S,78.56,0.01,0.0127,-0.26,713.8,0.0011,B,0,1
1782963541.998,18541,S,78.56,0.03,0.0382,2.71,-4879.9,0.3827,B,1,0
1782963668.934,18544,S,78.52,0.01,0.0127,-0.72,2357.0,0.004,B,0,1
1782963899.484,18549,S,78.52,0.01,0.0127,-0.32,3199.4,0.0301,B,0,1
1782963942.391,18550,S,78.49,0.01,0.0127,-0.99,2061.0,0.0028,B,0,1
1782964275.796,18565,S,78.69,0.09,0.1144,2.87,-10811.5,0.805,B,1,0
1782964811.849,18586,S,78.69,0.01,0.0127,-0.69,1970.8,0.0402,B,0,1
1782964991.294,18592,B,78.59,0.02,0.0254,-0.05,173.5,0.0537,B,0,1
1782965149.395,18595,S,78.59,0.02,0.0254,1.32,-4897.6,0.087,B,0,1
1782965973.934,18611,B,78.32,0.01,0.0128,0.45,-2537.5,0.0344,B,0,1
1782966455.393,18621,B,78.21,0.01,0.0128,2.51,-3468.5,0.0016,A,1,1
1782966503.949,18622,B,78.21,0.01,0.0128,0.77,109.1,0.0335,B,0,1
1782966590.794,18623,B,78.21,0.01,0.0128,-0.44,573.3,0.0009,B,0,1
1782970263.009,18672,B,78.01,0.01,0.0128,8.99,-8558.7,0.161,B,1,0
1782971789.764,18703,B,78.01,0.03,0.0385,2.73,-3276.7,0.5842,B,1,0
1782972159.104,18707,B,78.07,0.01,0.0128,-0.42,906.1,0.0909,B,0,1
1782974542.778,18763,S,78.16,0.19,0.2431,2.89,-2619.8,0.9517,B,1,0
1782974583.112,18764,S,78.16,0.04,0.0512,2.34,-167.2,0.2404,B,1,0
1782974617.94,18765,S,78.11,0.01,0.0128,3.55,-4799.7,0.0001,A,1,1
1782974818.542,18768,S,78.11,0.01,0.0128,-0.77,72.7,0.0089,B,0,1
1782975070.084,18786,B,77.76,0.04,0.0514,5.4,-10833.1,0.9197,B,1,0
1782975959.661,18807,B,77.66,0.02,0.0258,-0.45,488.3,0.0472,B,0,1
1782976861.357,18831,B,77.62,0.03,0.0386,3.15,-5847.2,0.346,B,1,0
1782977361.453,18836,B,77.62,0.01,0.0129,-0.33,-356.9,0.0298,B,0,1
1782977477.75,18837,B,77.66,0.02,0.0258,-0.36,458.2,0.0519,B,0,1
1782977856.129,18844,S,77.8,0.01,0.0129,-0.46,-965.0,0.0487,B,0,1
1782978260.357,18857,S,77.92,0.01,0.0128,-0.66,2899.2,0.0297,B,0,1
1782978495.801,18862,S,77.92,0.01,0.0128,0.88,1246.2,0.0527,B,0,1
1782979691.56,18885,S,78.17,0.01,0.0128,3.57,-2337.1,0.0034,A,1,1
1782979708.803,18886,S,78.17,0.03,0.0384,14.79,-10815.6,0.7963,B,1,0
1782979756.579,18887,S,78.17,0.03,0.0384,2.67,-3950.3,0.3978,B,1,0
1782984995.103,19054,S,79.49,0.01,0.0126,-0.45,-26.9,0.0011,B,0,1
1782985156.076,19083,S,79.49,0.01,0.0126,-0.5,-48.7,0.0869,B,0,1
1782985156.076,19083,B,79.44,0.01,0.0126,-0.69,-48.7,0.0008,B,0,1
1782985251.838,19093,S,79.49,0.01,0.0126,-0.25,-357.0,0.0381,B,0,1
1782985260.151,19095,B,79.43,0.01,0.0126,0.14,-1558.6,0.0172,B,0,1
1782985275.025,19096,B,79.44,0.01,0.0126,3.3,-3110.8,0.0641,A,1,1
1782985298.321,19098,B,79.44,0.01,0.0126,-0.1,305.8,0.0026,B,0,1
1782985383.86,19109,S,79.65,0.07,0.0879,2.16,-2001.6,0.3598,B,1,0
1782985443.142,19115,B,79.44,0.01,0.0126,0.61,440.0,0.0515,B,0,1
1782985454.825,19117,B,79.43,0.02,0.0252,-0.69,1.9,0.0483,B,0,1
1782985460.485,19119,B,79.4,0.01,0.0126,-0.69,165.9,0.0024,B,0,1
1782985461.084,19120,S,79.49,0.01,0.0126,-0.69,0.0,0.0008,B,0,1
1782985525.706,19126,B,79.32,0.01,0.0126,0.12,-2490.9,0.0024,B,0,1
1782985575.481,19130,B,79.24,0.02,0.0252,2.58,-3200.4,0.1981,B,1,0
1782985632.204,19133,B,79.24,0.01,0.0126,0.79,-879.1,0.0521,B,0,1
1782985659.839,19134,B,79.32,0.01,0.0126,0.31,-1874.7,0.0,B,0,1
1782985711.937,19137,B,79.4,0.01,0.0126,-0.67,2677.0,0.0256,B,0,1
1782985825.933,19143,B,79.4,0.02,0.0252,1.94,-4468.9,0.0718,B,0,1
1782985986.924,19150,B,79.4,0.02,0.0252,-0.11,-576.4,0.029,B,0,1
1782985993.848,19151,B,79.43,0.02,0.0252,-0.61,-518.2,0.0761,B,0,1
1782986000.188,19152,B,79.44,0.01,0.0126,-0.72,1731.4,0.0153,B,0,1
1782986189.936,19168,S,79.56,0.04,0.0503,-0.56,2057.4,0.0952,B,0,1
1782986243.001,19171,S,79.56,0.01,0.0126,2.01,-2340.6,0.0041,A,1,1
1782986379.775,19177,B,79.44,0.02,0.0252,4.89,-3339.2,0.3242,B,1,0
1782986426.208,19179,B,79.4,0.01,0.0126,-0.63,377.5,0.0007,B,0,1
1782986621.837,19183,B,79.44,0.02,0.0252,-0.27,1392.6,0.0825,B,0,1
1782987570.418,19212,B,79.5,0.01,0.0126,0.63,-1700.1,0.0,B,0,1
1782987634.739,19221,S,79.85,0.01,0.0125,-0.51,-887.3,0.0,B,0,1
1782987727.65,19247,S,79.85,0.04,0.0501,4.71,-11667.7,0.0416,A,1,1
1782987736.409,19255,S,80.05,0.02,0.025,-0.28,0.0,0.0302,B,0,1
1782988125.998,19323,S,80.31,0.01,0.0125,-0.1,4440.2,0.0,B,0,1
1782988291.282,19334,B,80.34,0.02,0.0249,5.57,-4790.2,0.1546,B,1,0
1782988503.934,19352,S,80.7,0.03,0.0372,-0.48,583.2,0.0717,B,0,1
1782988522.493,19355,S,80.7,0.01,0.0124,-0.45,3145.1,0.0047,B,0,1
1782988549.565,19359,S,80.58,0.04,0.0496,2.11,-1402.0,0.2014,B,1,0
1782988577.754,19365,S,80.7,0.04,0.0496,2.74,-3373.0,0.2296,B,1,0
1782988622.576,19368,S,80.58,0.02,0.0248,-0.47,982.1,0.0652,B,0,1
1782988642.622,19372,S,80.78,0.01,0.0124,-0.2,-181.1,0.0732,B,0,1
1782988794.951,19393,S,80.86,0.01,0.0124,2.41,-3092.1,0.0362,A,1,1
1782989259.557,19467,S,80.93,0.04,0.0494,5.7,-4452.6,0.5521,B,1,0
1782989381.422,19489,S,81.33,0.02,0.0246,-0.44,5995.9,0.0494,B,0,1
1782989386.741,19490,S,81.33,0.01,0.0123,1.19,-873.4,0.0059,B,0,1
1782989444.185,19498,S,81.33,0.04,0.0492,2.89,-1041.5,0.3206,B,1,0
1782989458.225,19500,S,81.38,0.01,0.0123,-0.42,0.0,0.0093,B,0,1
1782989942.966,19568,S,81.89,0.02,0.0244,-0.62,3367.2,0.0371,B,0,1
1782990028.491,19591,S,81.98,0.01,0.0122,0.38,-1229.5,0.0099,B,0,1
1782990107.542,19598,S,81.89,0.01,0.0122,1.17,1986.5,0.0009,B,0,1
1782990679.007,19638,S,82.22,0.01,0.0122,-0.59,0.0,0.0166,B,0,1
1782990798.08,19664,S,82.59,0.01,0.0121,0.03,716.2,0.0656,B,0,1
1782991470.488,19717,B,82.4,0.01,0.0121,-0.54,1899.3,0.0133,B,0,1
1782991507.865,19724,S,82.66,0.03,0.0363,4.34,-986.1,0.0489,A,1,1
1782991565.753,19728,S,82.66,0.03,0.0363,-0.52,178.1,0.0972,B,0,1
1782991651.702,19738,S,82.66,0.05,0.0605,2.28,-3190.8,0.2617,B,1,0
1782991674.168,19740,S,82.59,0.02,0.0242,5.66,-11456.7,0.0908,A,1,1
1782991702.491,19743,B,82.4,0.01,0.0121,1.92,-6039.9,0.0063,B,0,1
1782991729.682,19747,S,82.31,0.01,0.0121,-0.71,0.0,0.0505,B,0,1
1782991799.462,19751,B,82.44,0.01,0.0121,-0.58,0.0,0.0004,B,0,1
1782991865.204,19758,S,82.66,0.04,0.0484,-0.61,2970.5,0.0707,B,0,1
1782991908.192,19760,S,82.66,0.03,0.0363,-0.7,1834.6,0.0571,B,0,1
1782992376.806,19778,B,82.24,0.01,0.0122,-0.52,1403.3,0.0068,B,0,1
1782992449.588,19780,S,82.31,0.02,0.0243,-0.48,2048.2,0.0735,B,0,1
1782992470.916,19781,B,82.24,0.01,0.0122,1.16,-4047.2,0.0195,B,0,1
1782992635.009,19786,S,82.53,0.02,0.0242,3.28,-10515.9,0.2487,B,1,0
1782992635.009,19786,B,82.44,0.02,0.0243,3.75,-10515.9,0.023,A,1,1
1782992768.026,19789,S,82.53,0.01,0.0121,-0.64,3844.2,0.0051,B,0,1
1782992797.25,19790,S,82.53,0.03,0.0364,-0.63,4963.8,0.0615,B,0,1
1782992797.25,19790,B,82.44,0.02,0.0243,-0.64,4963.8,0.0806,B,0,1
1782993465.547,19819,B,82.16,0.01,0.0122,0.19,-1459.2,0.0509,B,0,1
1782994012.179,19835,B,82.25,0.01,0.0122,-0.07,2958.4,0.0222,B,0,1
1782994161.035,19837,S,82.41,0.01,0.0121,1.57,-3072.3,0.0002,B,0,1
1782994261.903,19840,B,82.25,0.02,0.0243,2.84,-2106.4,0.1564,B,1,0
1782994278.597,19841,B,82.16,0.01,0.0122,-0.49,2233.2,0.0055,B,0,1
1782994423.594,19845,B,82.16,0.02,0.0243,-0.65,0.0,0.0482,B,0,1
1782994690.661,19854,B,81.96,0.02,0.0244,-0.12,-2258.3,0.094,B,0,1
1782994760.81,19857,B,81.96,0.01,0.0122,0.52,292.2,0.0207,B,0,1
1782995380.305,19881,B,82.13,0.03,0.0365,3.18,-19586.3,0.1622,B,1,0
1782995402.877,19885,S,82.41,0.02,0.0243,5.67,-23692.1,0.0193,A,1,1
1782995404.982,19886,S,82.39,0.02,0.0243,3.26,-27120.7,0.0329,A,1,1
1782995412.578,19892,B,81.96,0.01,0.0122,-1.0,0.0,0.0075,B,0,1
1782995430.725,19895,B,81.96,0.11,0.1342,2.24,-16925.8,0.7361,B,1,0
1782996392.021,19943,B,81.18,0.02,0.0246,-0.27,-5113.7,0.0264,B,0,1
1782996673.352,19949,B,81.41,0.02,0.0246,0.08,-3640.1,0.0823,B,0,1
1782996865.384,19952,S,81.43,0.03,0.0368,-0.54,-2210.6,0.078,B,0,1
1782996893.985,19953,S,81.43,0.01,0.0123,-0.12,-1476.7,0.013,B,0,1
1782996923.384,19954,S,81.43,0.01,0.0123,0.16,-4000.9,0.0489,B,0,1
1782997092.665,19958,B,81.22,0.02,0.0246,-1.43,3696.7,0.0792,B,0,1
1782997402.431,19962,B,81.22,0.02,0.0246,-0.69,-321.1,0.0578,B,0,1
1782997755.165,19973,B,81.41,0.05,0.0614,2.44,-9611.4,0.4024,B,1,0
1782998136.081,19982,B,81.41,0.02,0.0246,-0.06,-3503.6,0.034,B,0,1
1782998297.927,19986,B,81.22,0.09,0.1108,2.13,-12373.3,0.5347,B,1,0
1782998457.66,19989,B,81.22,0.02,0.0246,-0.58,-362.5,0.0355,B,0,1
1782999234.066,20017,B,81.22,0.04,0.0492,-0.59,1002.2,0.0536,B,0,1
1782999587.582,20028,S,81.64,0.02,0.0245,1.07,643.7,0.0217,B,0,1
1782999731.104,20031,S,81.65,0.03,0.0367,0.1,-735.6,0.0786,B,0,1
1783000440.145,20041,S,81.64,0.02,0.0245,0.04,-2735.8,0.0439,B,0,1
1783002993.968,20079,B,80.38,0.01,0.0124,-0.81,4238.3,0.0431,B,0,1
1783005911.045,20122,S,80.63,0.05,0.062,4.21,-10521.0,0.3572,B,1,0
1783006748.935,20129,S,80.63,0.01,0.0124,-0.53,3479.3,0.0009,B,0,1
1783009094.686,20147,S,80.83,0.02,0.0247,-0.97,2222.0,0.0363,B,0,1
1783009723.754,20155,B,80.37,0.05,0.0622,2.46,-10639.7,0.2116,B,1,0
1783009760.778,20156,B,80.37,0.01,0.0124,-0.08,-5557.2,0.0,B,0,1
1783011342.112,20186,S,80.67,0.02,0.0248,0.13,-276.3,0.0367,B,0,1
1783011456.279,20187,S,80.63,0.02,0.0248,-0.44,747.9,0.0956,B,0,1
1783013879.705,20221,S,80.72,0.02,0.0248,-1.11,-576.5,0.0221,B,0,1
1783014222.645,20223,S,80.88,0.02,0.0247,0.04,-2805.7,0.0614,B,0,1
1783014460.837,20224,S,80.88,0.01,0.0124,-0.14,-1560.2,0.0007,B,0,1
1783014588.656,20225,S,80.72,0.06,0.0743,-0.94,-51.6,0.0936,B,0,1
1783014709.794,20226,S,80.72,0.01,0.0124,0.78,-3904.2,0.0,B,0,1
1783016052.224,20235,S,81.07,0.02,0.0247,-0.01,1849.6,0.037,B,0,1
1783016914.609,20240,S,80.88,0.01,0.0124,0.11,-5886.1,0.0005,B,0,1
1783016940.051,20241,S,80.88,0.02,0.0247,-0.82,-2709.8,0.0866,B,0,1
1783019632.229,20283,S,81.07,0.01,0.0123,-0.16,-1389.3,0.0027,B,0,1
1783019674.299,20284,S,81.07,0.01,0.0123,-0.63,-2265.7,0.0521,B,0,1
1783019850.613,20287,B,80.87,0.01,0.0124,-0.8,4709.1,0.0279,B,0,1
1783020405.183,20292,B,80.8,0.01,0.0124,-0.67,-1269.8,0.0029,B,0,1
1783020466.72,20293,S,80.88,0.01,0.0124,1.38,-4413.9,0.0,B,0,1
1783021028.17,20299,B,80.87,0.01,0.0124,-0.96,-954.7,0.0,B,0,1
1783021119.321,20300,B,80.87,0.01,0.0124,-0.76,1109.1,0.0074,B,0,1
1783021261.448,20301,S,80.95,0.02,0.0247,0.93,-3432.7,0.0973,B,0,1
1783021261.448,20301,B,80.87,0.01,0.0124,0.19,-3432.7,0.0011,B,0,1
1783021932.39,20308,S,81.22,0.01,0.0123,-0.09,-3326.2,0.0058,B,0,1
1783022026.992,20309,S,81.07,0.05,0.0617,1.14,-3961.7,0.0973,B,0,1
1783022395.149,20315,B,80.8,0.01,0.0124,-1.03,1486.4,0.0,B,0,1
1783023436.814,20327,B,80.76,0.01,0.0124,-0.57,-766.0,0.0007,B,0,1
1783025358.179,20338,B,80.76,0.01,0.0124,-0.71,782.1,0.0025,B,0,1
1783025836.786,20345,S,81.07,0.01,0.0123,-1.2,0.3,0.0035,B,0,1
1783026551.355,20353,S,80.95,0.01,0.0124,2.15,-3663.0,0.3216,B,1,0
1783027953.801,20368,B,80.76,0.01,0.0124,-0.83,0.0,0.0482,B,0,1
1783028071.79,20370,B,80.76,0.01,0.0124,0.49,-247.8,0.0866,B,0,1
1783028755.075,20381,B,80.56,0.01,0.0124,0.24,-2119.2,0.0656,B,0,1
1783030771.307,20421,B,80.56,0.03,0.0372,-0.85,891.6,0.0366,B,0,1
1783031456.571,20430,B,80.56,0.01,0.0124,-0.83,1214.4,0.0018,B,0,1
1783031536.915,20431,S,80.65,0.01,0.0124,0.08,-233.3,0.0099,B,0,1
1783031978.228,20440,S,80.65,0.01,0.0124,-0.83,130.6,0.0001,B,0,1
1783032786.699,20454,S,80.72,0.01,0.0124,-0.34,-135.9,0.0,B,0,1
1783032791.945,20455,S,80.72,0.01,0.0124,-0.75,501.1,0.0138,B,0,1
1783033823.482,20477,S,80.65,0.01,0.0124,-0.43,620.7,0.008,B,0,1
1783034557.721,20487,S,80.66,0.01,0.0124,-1.1,2705.7,0.0137,B,0,1
1783035073.958,20493,S,80.66,0.02,0.0248,0.06,385.1,0.0896,B,0,1
1783035198.159,20494,S,80.66,0.01,0.0124,0.32,-830.1,0.0303,B,0,1
1783035215.35,20495,S,80.66,0.01,0.0124,-1.19,-27.5,0.0293,B,0,1
1783035362.604,20499,S,80.72,0.01,0.0124,0.95,-183.3,0.0632,B,0,1
1783036399.303,20514,S,80.73,0.01,0.0124,0.02,-1123.7,0.0537,B,0,1
1783036812.764,20525,S,80.74,0.01,0.0124,-0.8,278.2,0.0252,B,0,1
1783036820.418,20526,S,80.74,0.01,0.0124,-0.8,1024.8,0.0853,B,0,1
1783036838.854,20527,S,80.73,0.01,0.0124,1.64,-1774.1,0.0037,B,0,1
1783036871.043,20528,S,80.73,0.01,0.0124,-0.35,623.7,0.0003,B,0,1
1783036899.948,20529,S,80.66,0.02,0.0248,-0.66,270.6,0.0981,B,0,1
1783037085.449,20536,S,80.73,0.01,0.0124,-0.86,226.7,0.0006,B,0,1
1783037323.575,20541,B,80.62,0.01,0.0124,-0.31,535.3,0.0035,B,0,1
1783037513.367,20545,B,80.62,0.05,0.062,2.58,-216.3,0.5208,B,1,0
1783037711.307,20553,S,80.73,0.01,0.0124,-0.82,1329.7,0.0835,B,0,1
1783037756.07,20554,S,80.74,0.02,0.0248,0.37,-338.7,0.0521,B,0,1
1783037928.203,20557,S,80.73,0.01,0.0124,-0.68,686.7,0.0021,B,0,1
1783037928.209,20560,S,80.66,0.02,0.0248,-0.84,0.0,0.0311,B,0,1
1783037930.572,20561,B,80.64,0.01,0.0124,-0.85,0.0,0.0078,B,0,1
1783037974.082,20562,B,80.64,0.02,0.0248,3.44,-3773.8,0.2422,B,1,0
1783038019.249,20563,S,80.72,0.01,0.0124,4.33,-4434.9,0.0599,A,1,1
1783038077.442,20566,S,80.79,0.01,0.0124,-0.49,0.0,0.0656,B,0,1
1783038163.315,20568,B,80.64,0.01,0.0124,0.99,-1184.6,0.0578,B,0,1
1783038251.142,20569,B,80.64,0.02,0.0248,0.62,-707.9,0.0624,B,0,1
1783038316.424,20570,B,80.64,0.01,0.0124,1.23,-550.7,0.0035,B,0,1
1783038436.994,20571,S,80.66,0.01,0.0124,-0.28,93.7,0.0671,B,0,1
1783038436.994,20571,B,80.64,0.01,0.0124,0.29,93.7,0.0005,B,0,1
1783038688.89,20580,B,80.55,0.01,0.0124,0.14,-704.6,0.0833,B,0,1
1783038782.147,20582,B,80.64,0.01,0.0124,-0.66,-302.8,0.0789,B,0,1
1783038924.732,20586,B,80.48,0.01,0.0124,0.11,-1545.2,0.0987,B,0,1
1783039217.206,20593,S,80.81,0.01,0.0124,-0.44,554.5,0.0064,B,0,1
1783039265.934,20596,S,80.81,0.01,0.0124,2.17,-1070.3,0.0017,A,1,1
1783039322.375,20598,S,80.81,0.01,0.0124,-0.93,1573.2,0.0193,B,0,1
1783039372.416,20599,S,80.81,0.01,0.0124,-0.39,701.3,0.0274,B,0,1
1783039386.125,20600,S,80.81,0.01,0.0124,-1.04,-9.4,0.0135,B,0,1
1783039436.371,20601,S,80.81,0.01,0.0124,-0.37,701.2,0.0113,B,0,1
1783039485.903,20603,S,80.81,0.01,0.0124,-0.39,1332.3,0.0015,B,0,1
1783039583.392,20607,S,80.79,0.01,0.0124,-0.86,586.5,0.0013,B,0,1
1783039762.877,20614,S,80.79,0.01,0.0124,-0.73,1135.5,0.0077,B,0,1
1783040101.6,20625,S,80.79,0.01,0.0124,-0.31,2327.2,0.003,B,0,1
1783040189.721,20628,B,80.75,0.01,0.0124,-0.61,1206.2,0.0,B,0,1
1783040219.994,20630,S,80.86,0.01,0.0124,-0.75,17.7,0.0621,B,0,1
1783040367.873,20636,S,80.81,0.01,0.0124,5.17,-1875.4,0.0033,A,1,1
1783040372.67,20637,S,80.81,0.01,0.0124,-0.29,-129.1,0.008,B,0,1
1783040385.64,20638,S,80.81,0.01,0.0124,-0.43,-142.2,0.0027,B,0,1
1783040511.699,20645,B,80.72,0.04,0.0496,2.24,-1648.1,0.2821,B,1,0
1783040591.174,20647,B,80.75,0.01,0.0124,0.83,-478.1,0.0134,B,0,1
1783042275.014,20734,S,81.21,0.01,0.0123,0.93,-131.5,0.0045,B,0,1
1783043184.679,20790,B,81.4,0.01,0.0123,-0.41,943.6,0.0,B,0,1
1783043499.23,20803,S,81.57,0.01,0.0123,-0.63,0.0,0.0295,B,0,1
1783043522.743,20808,S,81.58,0.03,0.0368,13.89,-5535.2,0.3156,B,1,0
1783043883.722,20818,B,81.5,0.01,0.0123,0.09,498.9,0.0504,B,0,1
1783044541.123,20838,B,81.41,0.01,0.0123,-0.38,464.5,0.0067,B,0,1
1783045319.151,20854,B,81.41,0.01,0.0123,-0.0,-779.0,0.0002,B,0,1
1783045383.382,20855,B,81.41,0.01,0.0123,0.02,430.2,0.0026,B,0,1
1783045513.036,20857,B,81.41,0.01,0.0123,-0.49,-842.0,0.0,B,0,1
1783046620.366,20909,B,80.75,0.01,0.0124,7.25,-2995.5,0.0101,A,1,1
1783046673.038,20910,B,80.75,0.01,0.0124,1.02,-953.5,0.0733,B,0,1
1783047784.777,20937,B,80.63,0.01,0.0124,-0.42,2945.2,0.057,B,0,1
1783048849.434,20976,B,80.75,0.01,0.0124,-0.63,-1622.4,0.0035,B,0,1
1783048865.839,20979,S,80.84,0.01,0.0124,3.29,-5065.1,0.0376,A,1,1
1783048950.013,20982,S,80.84,0.01,0.0124,0.19,-1108.3,0.0004,B,0,1
1783049683.704,20997,S,80.84,0.03,0.0371,-0.39,948.4,0.0827,B,0,1
1783049815.645,20998,B,80.75,0.01,0.0124,1.88,-2069.8,0.0112,B,0,1
1783049945.327,20999,S,80.77,0.01,0.0124,-0.29,323.2,0.0005,B,0,1
1783050240.934,21002,B,80.58,0.03,0.0372,2.67,-2942.6,0.2208,B,1,0
1783050449.117,21004,B,80.63,0.01,0.0124,-0.54,-1591.8,0.0071,B,0,1
1783051042.584,21011,B,80.63,0.02,0.0248,-0.56,521.0,0.0893,B,0,1
1783053182.235,21040,B,80.58,0.04,0.0496,-0.83,-32.6,0.0963,B,0,1
1783053259.289,21041,S,80.63,0.01,0.0124,0.55,265.6,0.0069,B,0,1
1783055041.793,21065,S,80.63,0.01,0.0124,-0.71,-527.1,0.0026,B,0,1
1783055100.754,21066,B,80.58,0.01,0.0124,-0.9,890.8,0.0003,B,0,1
1783055414.531,21068,B,80.58,0.01,0.0124,0.22,-490.4,0.002,B,0,1
1783055918.922,21075,B,80.58,0.01,0.0124,0.92,-1871.5,0.0412,B,0,1
1783057573.953,21110,B,80.99,0.01,0.0123,0.09,1063.6,0.0134,B,0,1
1783058374.407,21120,S,81.15,0.01,0.0123,0.68,-664.0,0.0091,B,0,1
1783059479.573,21153,S,81.15,0.01,0.0123,-0.78,0.0,0.0047,B,0,1
1783060523.263,21177,B,80.99,0.01,0.0123,-0.71,0.0,0.0472,B,0,1
1783061463.333,21199,S,80.89,0.01,0.0124,-0.43,2895.7,0.0092,B,0,1
1783061552.745,21200,S,80.89,0.01,0.0124,-0.74,3279.9,0.001,B,0,1
1783062640.948,21216,S,80.89,0.01,0.0124,-0.94,739.2,0.031,B,0,1
1783064053.479,21233,B,81.03,0.01,0.0123,-0.62,732.2,0.0014,B,0,1
1783064201.532,21240,S,81.15,0.01,0.0123,2.16,-1186.9,0.0416,A,1,1
1783064461.64,21244,S,81.15,0.01,0.0123,-0.86,2275.6,0.028,B,0,1
1783064764.598,21253,S,81.25,0.01,0.0123,-0.66,2468.1,0.0006,B,0,1
1783064801.955,21255,S,81.29,0.01,0.0123,-0.64,3392.4,0.0609,B,0,1
1783066029.838,21290,S,81.29,0.01,0.0123,1.14,-824.7,0.0065,B,0,1
1783066087.301,21292,S,81.15,0.01,0.0123,-0.79,2423.5,0.0192,B,0,1
1783066403.838,21297,S,81.15,0.02,0.0246,-0.6,1574.6,0.0698,B,0,1
1783066524.724,21298,S,81.15,0.01,0.0123,-0.66,1924.8,0.0147,B,0,1
1783066820.287,21302,B,81.07,0.01,0.0123,-0.63,-87.6,0.0913,B,0,1
1783067241.072,21313,S,81.21,0.01,0.0123,2.05,-1537.8,0.0205,A,1,1
1783067964.918,21330,B,81.01,0.01,0.0123,0.37,-720.1,0.0261,B,0,1
1783068340.424,21354,S,81.29,0.01,0.0123,-0.57,-25.7,0.0108,B,0,1
1783068501.308,21359,S,81.21,0.03,0.0369,2.26,-1366.9,0.2532,B,1,0
1783068550.115,21360,S,81.21,0.01,0.0123,-0.22,640.6,0.0054,B,0,1
1783069254.59,21390,B,80.79,0.01,0.0124,-0.61,2751.2,0.0103,B,0,1
1783069310.206,21399,S,80.91,0.01,0.0124,0.58,-1180.1,0.0002,B,0,1
1783069371.532,21401,S,80.91,0.01,0.0124,4.21,-2863.1,0.0081,A,1,1
1783069401.52,21402,S,80.91,0.01,0.0124,0.62,495.7,0.0234,B,0,1
1783069448.459,21404,B,80.89,0.02,0.0247,-0.17,-104.0,0.0672,B,0,1
1783071045.914,21429,S,80.91,0.01,0.0124,-0.49,-1180.5,0.035,B,0,1
1783072092.166,21467,S,81.08,0.01,0.0123,0.78,-6249.1,0.0812,B,0,1
1783072889.676,21478,S,81.08,0.02,0.0247,-0.14,-110.3,0.0901,B,0,1
1783072925.589,21479,S,81.08,0.01,0.0123,-0.55,3957.7,0.0014,B,0,1
1783073268.446,21484,S,81.08,0.01,0.0123,-0.64,830.4,0.0037,B,0,1
1783074131.656,21501,B,80.9,0.03,0.0371,-0.76,774.7,0.0579,B,0,1
1783074554.841,21516,S,81.11,0.03,0.037,3.52,-2222.2,0.273,B,1,0
1783076064.51,21620,S,81.85,0.01,0.0122,-0.71,711.5,0.0475,B,0,1
1783076323.764,21646,S,81.56,0.03,0.0368,6.39,-3226.3,0.4268,B,1,0
1783077407.828,21680,S,81.61,0.01,0.0123,-0.32,118.8,0.0001,B,0,1
1783078055.868,21700,B,81.34,0.01,0.0123,0.87,-635.6,0.0668,B,0,1
1783079481.723,21724,S,81.61,0.01,0.0123,0.96,564.4,0.0279,B,0,1
1783081054.109,21765,B,81.34,0.04,0.0492,2.72,-2449.0,0.6417,B,1,0
1783083274.032,21804,B,81.47,0.01,0.0123,-0.14,173.4,0.0182,B,0,1
1783084631.801,21832,S,81.66,0.01,0.0122,-0.95,6986.4,0.003,B,0,1
1783084783.014,21836,S,81.57,0.02,0.0245,0.43,-3414.1,0.0962,B,0,1
1783084861.846,21837,S,81.57,0.01,0.0123,4.12,-3320.8,0.0505,A,1,1
1783084861.846,21837,B,81.53,0.01,0.0123,2.61,-3320.8,0.0002,A,1,1
1783084976.512,21839,S,81.57,0.05,0.0613,2.15,-3245.3,0.5522,B,1,0
1783085282.57,21845,S,81.57,0.01,0.0123,0.28,873.0,0.0366,B,0,1
1783085282.57,21845,B,81.53,0.03,0.0368,-0.64,873.0,0.0292,B,0,1
1783085451.759,21849,S,81.66,0.01,0.0122,0.52,528.8,0.0037,B,0,1
1783086382.109,21869,B,81.53,0.01,0.0123,-0.43,1394.8,0.0,B,0,1
1783086725.033,21875,B,81.53,0.03,0.0368,1.7,305.0,0.082,B,0,1
1783086982.471,21886,S,81.66,0.01,0.0122,0.02,462.0,0.0072,B,0,1
1783087093.287,21887,S,81.66,0.01,0.0122,-0.4,2209.6,0.0302,B,0,1
1783089400.438,21979,B,81.24,0.03,0.0369,2.11,-5785.4,0.5368,B,1,0
1783090851.95,22025,B,81.61,0.01,0.0123,-0.53,2065.2,0.0183,B,0,1
1783091026.216,22031,B,81.6,0.01,0.0123,0.06,-1238.0,0.0227,B,0,1
1783091314.338,22061,B,81.86,0.01,0.0122,4.03,-9246.6,0.001,A,1,1
1783091620.806,22075,S,81.64,0.01,0.0122,-0.56,0.0,0.0019,B,0,1
1783092142.743,22097,B,81.33,0.01,0.0123,0.82,229.0,0.033,B,0,1
1783092222.837,22099,B,81.33,0.01,0.0123,-0.66,3550.3,0.0905,B,0,1
1783093506.231,22135,B,81.19,0.01,0.0123,-0.39,1487.5,0.0372,B,0,1
1783095448.203,22176,B,81.19,0.01,0.0123,0.25,1228.9,0.0054,B,0,1
1783095839.947,22182,S,81.35,0.01,0.0123,-0.44,254.5,0.0414,B,0,1
1783095839.947,22182,B,81.33,0.01,0.0123,-0.35,254.5,0.0051,B,0,1
1783096020.854,22185,S,81.3,0.02,0.0246,-0.42,142.6,0.0994,B,0,1
1783096319.664,22189,S,81.34,0.01,0.0123,1.16,-2767.7,0.0264,B,0,1
1783096791.936,22194,S,81.34,0.01,0.0123,-0.5,978.5,0.0141,B,0,1
1783096904.216,22195,S,81.34,0.01,0.0123,-0.49,-961.3,0.0,B,0,1
1783099185.282,22236,S,81.71,0.01,0.0122,-0.94,8320.9,0.015,B,0,1
