ts,bucket_id,O,C,M,P,L1_high,L1_low,L2,L3,L4_OC,L4_OM,L4_OP,L4_CM,L4_CP,L4_MP
1782027571.88,2626,73.16,73.25,73.26,73.19,high_M,low_O,M>O,M>C>P>O,F,F,F,F,T,T
1782031362.12,2628,72.96,72.96,72.9,72.99,high_P,low_M,P>M,TIE,TIE,T,F,T,F,F
1782033395.144,2629,72.96,73.36,73.08,73.13,high_C,low_O,C>O,C>P>M>O,F,F,F,T,T,F
1782034634.354,2630,73.36,73.82,73.64,73.55,high_C,low_O,C>O,C>M>P>O,F,F,F,T,T,T
1782035925.525,2631,73.82,74.0,73.92,74.0,TIE,low_O,TIE,TIE,F,F,F,T,TIE,F
1782037822.292,2632,74.0,74.12,74.07,74.0,high_C,TIE,TIE,TIE,F,F,TIE,T,T,T
1782039969.441,2633,74.12,73.77,73.97,73.94,high_O,low_C,O>C,O>M>P>C,T,T,T,F,F,T
1782041439.457,2634,73.77,73.42,73.5,73.5,high_O,low_C,O>C,TIE,T,T,T,F,F,TIE
1782045107.606,2636,73.12,73.12,73.03,73.12,TIE,low_M,TIE,TIE,TIE,T,TIE,T,TIE,F
1782047738.315,2637,73.12,73.74,73.43,73.2,high_C,low_O,C>O,C>M>P>O,F,F,F,T,T,T
1782050991.031,2638,73.74,73.79,73.7,73.45,high_C,low_P,C>P,C>O>M>P,F,T,T,T,T,T
1782054127.013,2639,73.79,74.07,73.92,74.0,high_C,low_O,C>O,C>P>M>O,F,F,F,T,T,F
1782057787.086,2640,74.07,74.04,74.06,74.0,high_O,low_P,O>P,O>M>C>P,T,T,T,F,T,T
1782060727.61,2641,74.04,74.36,73.95,73.91,high_C,low_P,C>P,C>O>M>P,F,T,T,T,T,T
1782062288.391,2642,74.36,74.25,74.48,74.5,high_P,low_C,P>C,P>M>O>C,T,F,F,F,F,F
1782065224.52,2643,74.26,73.88,74.24,74.35,high_P,low_C,P>C,P>O>M>C,T,T,F,F,F,F
1782069203.654,2644,73.88,74.39,74.13,74.0,high_C,low_O,C>O,C>M>P>O,F,F,F,T,T,T
1782073665.771,2645,74.39,74.06,74.3,74.3,high_O,low_C,O>C,TIE,T,T,T,F,F,TIE
1782074995.279,2646,74.06,73.4,73.61,73.61,high_O,low_C,O>C,TIE,T,T,T,F,F,TIE
1782076134.692,2647,73.4,73.11,73.37,73.38,high_O,low_C,O>C,O>P>M>C,T,T,T,F,F,F
1782076224.802,2648,73.11,72.66,72.65,72.95,high_O,low_M,O>M,O>P>C>M,T,T,T,T,F,F
1782077006.467,2649,72.66,73.03,72.64,72.65,high_C,low_M,C>M,C>O>P>M,F,T,T,T,T,F
1782078422.292,2650,73.03,73.2,73.02,73.2,TIE,low_M,TIE,TIE,F,T,F,T,TIE,F
1782080490.029,2651,73.19,73.12,73.05,73.09,high_O,low_M,O>M,O>C>P>M,T,T,T,T,T,F
1782082983.27,2652,73.12,72.82,72.84,72.7,high_O,low_P,O>P,O>M>C>P,T,T,T,F,T,T
1782084948.831,2653,72.83,72.47,72.79,72.88,high_P,low_C,P>C,P>O>M>C,T,T,F,F,F,F
1782086729.859,2654,72.47,72.62,72.47,72.49,high_C,TIE,TIE,TIE,F,TIE,F,T,T,F
1782088710.55,2655,72.62,73.3,72.95,73.0,high_C,low_O,C>O,C>P>M>O,F,F,F,T,T,F
1782091103.019,2656,73.3,73.75,73.34,73.3,high_C,TIE,TIE,TIE,F,F,TIE,T,T,T
1782091609.941,2657,73.75,74.83,74.24,74.89,high_P,low_O,P>O,P>C>M>O,F,F,F,T,F,F
1782092746.718,2658,74.83,74.39,74.44,74.13,high_O,low_P,O>P,O>M>C>P,T,T,T,F,T,T
1782096426.651,2659,74.39,73.85,74.15,74.1,high_O,low_C,O>C,O>M>P>C,T,T,T,F,F,T
1782098724.178,2660,73.85,73.98,73.61,73.84,high_C,low_M,C>M,C>O>P>M,F,T,T,T,T,F
1782102931.643,2661,73.98,73.55,73.55,73.52,high_O,low_P,O>P,TIE,T,T,T,TIE,T,T
1782106792.736,2662,73.55,73.97,73.94,74.03,high_P,low_O,P>O,P>C>M>O,F,F,F,T,F,F
1782110583.985,2663,73.97,73.7,73.84,73.7,high_O,TIE,TIE,TIE,T,T,T,F,TIE,T
1782113072.07,2664,73.69,74.22,73.97,73.67,high_C,low_P,C>P,C>M>O>P,F,F,T,T,T,T
1782115859.534,2665,74.22,74.14,74.16,74.04,high_O,low_P,O>P,O>M>C>P,T,T,T,F,T,T
1782118925.049,2666,74.14,73.82,73.94,73.99,high_O,low_C,O>C,O>P>M>C,T,T,T,F,F,F
1782122279.18,2667,73.82,73.74,73.73,73.65,high_O,low_P,O>P,O>C>M>P,T,T,T,T,T,T
1782125693.304,2668,73.74,73.83,73.72,73.68,high_C,low_P,C>P,C>O>M>P,F,T,T,T,T,T
1782127495.336,2669,73.83,73.85,73.95,73.97,high_P,low_O,P>O,P>M>C>O,F,F,F,F,F,F
1782128382.041,2670,73.85,74.21,74.22,74.27,high_P,low_O,P>O,P>M>C>O,F,F,F,F,F,F
1782129624.902,2671,74.21,74.09,74.17,74.15,high_O,low_C,O>C,O>M>P>C,T,T,T,F,F,T
1782131164.02,2672,74.09,74.37,74.11,74.05,high_C,low_P,C>P,C>M>O>P,F,F,T,T,T,T
1782132543.109,2673,74.37,74.47,74.39,74.46,high_C,low_O,C>O,C>P>M>O,F,F,F,T,T,F
1782135026.272,2674,74.47,74.48,74.37,74.37,high_C,TIE,TIE,TIE,F,T,T,T,T,TIE
1782135600.236,2675,74.48,74.79,74.7,74.8,high_P,low_O,P>O,P>C>M>O,F,F,F,T,F,F
1782136745.055,2676,74.79,74.93,74.78,74.87,high_C,low_M,C>M,C>P>O>M,F,T,F,T,T,F
1782138175.427,2677,74.93,74.09,74.31,74.4,high_O,low_C,O>C,O>P>M>C,T,T,T,F,F,F
1782139003.975,2678,74.09,73.76,73.71,73.55,high_O,low_P,O>P,O>C>M>P,T,T,T,T,T,T
1782140642.422,2679,73.76,73.61,73.46,73.5,high_O,low_M,O>M,O>C>P>M,T,T,T,T,T,F
1782143473.594,2680,73.61,72.96,73.5,73.65,high_P,low_C,P>C,P>O>M>C,T,T,F,F,F,F
1782146158.28,2681,72.96,72.57,72.78,72.7,high_O,low_C,O>C,O>M>P>C,T,T,T,F,F,T
1782151204.305,2682,72.57,73.24,72.86,72.87,high_C,low_O,C>O,C>P>M>O,F,F,F,T,T,F
1782154517.941,2683,73.24,72.61,73.13,72.9,high_O,low_C,O>C,O>M>P>C,T,T,T,F,F,T
1782157757.589,2684,72.61,72.57,72.6,72.6,high_O,low_C,O>C,TIE,T,T,T,F,F,TIE
1782162123.4,2685,72.57,72.81,72.71,72.75,high_C,low_O,C>O,C>P>M>O,F,F,F,T,T,F
1782165449.737,2686,72.81,72.65,72.52,72.39,high_O,low_P,O>P,O>C>M>P,T,T,T,T,T,T
1782167287.476,2687,72.65,71.56,72.26,72.0,high_O,low_C,O>C,O>M>P>C,T,T,T,F,F,T
1782167374.674,2688,71.56,71.81,71.58,71.46,high_C,low_P,C>P,C>M>O>P,F,F,T,T,T,T
1782168333.047,2689,71.81,71.73,71.76,71.79,high_O,low_C,O>C,O>P>M>C,T,T,T,F,F,F
1782170944.273,2690,71.73,72.07,71.97,72.03,high_C,low_O,C>O,C>P>M>O,F,F,F,T,T,F
1782173950.104,2691,72.07,71.74,71.89,71.82,high_O,low_C,O>C,O>M>P>C,T,T,T,F,F,T
1782175089.632,2692,71.74,71.52,71.53,71.45,high_O,low_P,O>P,O>M>C>P,T,T,T,F,T,T
1782177914.398,2693,71.52,71.82,71.82,71.9,high_P,low_O,P>O,TIE,F,F,F,TIE,F,F
1782179706.199,2694,71.82,71.55,71.52,71.3,high_O,low_P,O>P,O>C>M>P,T,T,T,T,T,T
1782183506.356,2695,71.55,71.95,71.84,71.88,high_C,low_O,C>O,C>P>M>O,F,F,F,T,T,F
1782187266.571,2696,71.95,71.97,71.8,71.75,high_C,low_P,C>P,C>O>M>P,F,T,T,T,T,T
1782190390.746,2697,71.98,71.44,71.75,71.51,high_O,low_C,O>C,O>M>P>C,T,T,T,F,F,T
1782191952.811,2698,71.44,71.37,71.42,71.41,high_O,low_C,O>C,O>M>P>C,T,T,T,F,F,T
1782193695.459,2700,71.05,71.05,71.0,70.95,TIE,low_P,TIE,TIE,TIE,T,T,T,T,T
1782194905.306,2701,71.05,70.65,70.87,70.85,high_O,low_C,O>C,O>M>P>C,T,T,T,F,F,T
1782195469.183,2702,70.65,70.51,70.65,70.66,high_P,low_C,P>C,TIE,T,TIE,F,F,F,F
1782195680.017,2703,70.51,69.74,70.19,70.3,high_O,low_C,O>C,O>P>M>C,T,T,T,F,F,F
1782195902.463,2704,69.74,69.91,69.79,69.81,high_C,low_O,C>O,C>P>M>O,F,F,F,T,T,F
1782196419.481,2705,69.91,70.1,69.89,69.86,high_C,low_P,C>P,C>O>M>P,F,T,T,T,T,T
1782198278.803,2706,70.1,70.34,70.2,70.29,high_C,low_O,C>O,C>P>M>O,F,F,F,T,T,F
1782200947.569,2707,70.34,70.19,70.35,70.42,high_P,low_C,P>C,P>M>O>C,T,F,F,F,F,F
1782202432.643,2708,70.18,69.6,69.94,69.9,high_O,low_C,O>C,O>M>P>C,T,T,T,F,F,T
1782202515.908,2709,69.6,68.85,69.13,69.0,high_O,low_C,O>C,O>M>P>C,T,T,T,F,F,T
1782202743.726,2710,68.85,68.56,68.73,68.75,high_O,low_C,O>C,O>P>M>C,T,T,T,F,F,F
1782203128.775,2711,68.56,68.45,68.5,68.76,high_P,low_C,P>C,P>O>M>C,T,T,F,F,F,F
1782203759.206,2712,68.45,68.72,68.48,68.43,high_C,low_P,C>P,C>M>O>P,F,F,T,T,T,T
1782206512.277,2713,68.72,68.9,68.74,68.8,high_C,low_O,C>O,C>P>M>O,F,F,F,T,T,F
1782210438.973,2714,68.9,68.87,68.9,68.92,high_P,low_C,P>C,TIE,T,TIE,F,F,F,F
1782213798.357,2715,68.87,69.13,68.83,68.71,high_C,low_P,C>P,C>O>M>P,F,T,T,T,T,T
1782217352.411,2716,69.13,69.07,69.16,69.21,high_P,low_C,P>C,P>M>O>C,T,F,F,F,F,F
1782220233.725,2717,69.07,68.73,68.95,69.0,high_O,low_C,O>C,O>P>M>C,T,T,T,F,F,F
1782221548.694,2718,68.73,69.2,68.78,68.7,high_C,low_P,C>P,C>M>O>P,F,F,T,T,T,T
1782222784.187,2719,69.2,69.23,69.08,69.15,high_C,low_M,C>M,C>O>P>M,F,T,T,T,T,F
1782224264.54,2720,69.23,69.5,69.27,69.21,high_C,low_P,C>P,C>M>O>P,F,F,T,T,T,T
1782226022.58,2721,69.5,69.11,69.33,69.56,high_P,low_C,P>C,P>O>M>C,T,T,F,F,F,F
1782228635.185,2722,69.11,68.7,68.79,68.7,high_O,TIE,TIE,TIE,T,T,T,F,TIE,T
1782231321.777,2723,68.7,69.21,68.83,69.24,high_P,low_O,P>O,P>C>M>O,F,F,F,T,F,F
1782237006.381,2724,69.21,68.81,68.96,69.0,high_O,low_C,O>C,O>P>M>C,T,T,T,F,F,F
1782241759.159,2725,68.82,68.93,68.81,68.73,high_C,low_P,C>P,C>O>M>P,F,T,T,T,T,T
1782245851.62,2726,68.93,68.88,68.88,68.89,high_O,TIE,TIE,TIE,T,T,T,TIE,F,F
1782249521.257,2727,68.88,69.03,68.98,68.94,high_C,low_O,C>O,C>M>P>O,F,F,F,T,T,T
1782252451.32,2728,69.03,69.46,69.22,69.22,high_C,low_O,C>O,TIE,F,F,F,T,T,TIE
1782253141.324,2729,69.46,69.71,69.6,69.6,high_C,low_O,C>O,TIE,F,F,F,T,T,TIE
1782255545.08,2730,69.71,69.5,69.47,69.51,high_O,low_M,O>M,O>P>C>M,T,T,T,T,F,F
1782258377.721,2731,69.51,69.62,69.4,69.38,high_C,low_P,C>P,C>O>M>P,F,T,T,T,T,T
1782260092.467,2732,69.62,69.86,69.7,69.64,high_C,low_O,C>O,C>M>P>O,F,F,F,T,T,T
1782261569.917,2733,69.86,70.06,69.9,70.01,high_C,low_O,C>O,C>P>M>O,F,F,F,T,T,F
1782263504.34,2734,70.06,69.79,69.97,70.0,high_O,low_C,O>C,O>P>M>C,T,T,T,F,F,F
1782265169.049,2735,69.79,70.22,70.16,70.23,high_P,low_O,P>O,P>C>M>O,F,F,F,T,F,F
1782266985.789,2736,70.22,69.88,70.07,69.85,high_O,low_P,O>P,O>M>C>P,T,T,T,F,T,T
1782269461.555,2737,69.88,69.5,69.63,69.6,high_O,low_C,O>C,O>M>P>C,T,T,T,F,F,T
1782271562.018,2738,69.5,69.27,69.3,69.26,high_O,low_P,O>P,O>M>C>P,T,T,T,F,T,T
1782274931.911,2739,69.27,69.25,69.49,69.47,high_M,low_C,M>C,M>P>O>C,T,F,F,F,F,T
1782277696.104,2740,69.25,69.52,69.27,69.26,high_C,low_O,C>O,C>M>P>O,F,F,F,T,T,T
1782281049.458,2741,69.52,69.77,69.89,70.0,high_P,low_O,P>O,P>M>C>O,F,F,F,F,F,F
1782284825.707,2742,69.76,69.56,69.78,69.7,high_M,low_C,M>C,M>O>P>C,T,F,T,F,F,T
1782287715.756,2743,69.56,69.31,69.5,69.5,high_O,low_C,O>C,TIE,T,T,T,F,F,TIE
1782290269.006,2744,69.31,69.47,69.36,69.36,high_C,low_O,C>O,TIE,F,F,F,T,T,TIE
1782293387.502,2745,69.47,69.29,69.4,69.41,high_O,low_C,O>C,O>P>M>C,T,T,T,F,F,F
1782296390.067,2746,69.29,68.94,69.21,69.22,high_O,low_C,O>C,O>P>M>C,T,T,T,F,F,F
1782298481.846,2747,68.94,69.01,69.07,69.09,high_P,low_O,P>O,P>M>C>O,F,F,F,F,F,F
1782299960.799,2748,69.01,68.82,68.89,68.87,high_O,low_C,O>C,O>M>P>C,T,T,T,F,F,T
1782301434.373,2749,68.82,69.45,69.22,69.26,high_C,low_O,C>O,C>P>M>O,F,F,F,T,T,F
1782301787.43,2750,69.45,70.26,69.89,69.49,high_C,low_O,C>O,C>M>P>O,F,F,F,T,T,T
1782302674.361,2751,70.26,69.81,69.85,69.78,high_O,low_P,O>P,O>M>C>P,T,T,T,F,T,T
1782304715.507,2752,69.81,69.74,69.74,69.82,high_P,TIE,TIE,TIE,T,T,F,TIE,F,F
1782306400.063,2753,69.74,68.98,69.34,69.46,high_O,low_C,O>C,O>P>M>C,T,T,T,F,F,F
1782306780.558,2754,68.98,68.63,68.81,68.57,high_O,low_P,O>P,O>M>C>P,T,T,T,F,T,T
1782307406.762,2755,68.63,68.4,68.67,68.79,high_P,low_C,P>C,P>M>O>C,T,F,F,F,F,F
1782307926.84,2756,68.4,68.77,68.78,68.82,high_P,low_O,P>O,P>M>C>O,F,F,F,F,F,F
1782308465.146,2757,68.77,68.89,69.17,69.28,high_P,low_O,P>O,P>M>C>O,F,F,F,F,F,F
1782309017.33,2758,68.89,69.05,68.78,68.72,high_C,low_P,C>P,C>O>M>P,F,T,T,T,T,T
1782310250.077,2759,69.05,69.12,68.93,68.8,high_C,low_P,C>P,C>O>M>P,F,T,T,T,T,T
1782311473.79,2760,69.12,69.29,68.82,69.0,high_C,low_M,C>M,C>O>P>M,F,T,T,T,T,F
1782314080.063,2761,69.29,68.38,68.8,68.8,high_O,low_C,O>C,TIE,T,T,T,F,F,TIE
1782315833.734,2762,68.38,67.72,68.06,68.0,high_O,low_C,O>C,O>M>P>C,T,T,T,F,F,T
1782317489.072,2763,67.72,67.52,67.45,67.43,high_O,low_P,O>P,O>C>M>P,T,T,T,T,T,T
1782319605.433,2764,67.52,67.0,67.59,67.65,high_P,low_C,P>C,P>M>O>C,T,F,F,F,F,F
1782320106.047,2765,67.0,66.51,66.6,66.5,high_O,low_P,O>P,O>M>C>P,T,T,T,F,T,T
1782321562.635,2766,66.51,66.0,66.43,66.5,high_O,low_C,O>C,O>P>M>C,T,T,T,F,F,F
1782323268.738,2767,66.0,64.93,65.43,65.5,high_O,low_C,O>C,O>P>M>C,T,T,T,F,F,F
1782325367.56,2768,64.93,66.17,65.13,66.17,TIE,low_O,TIE,TIE,F,F,F,T,TIE,F
1782329827.755,2769,66.17,65.88,65.99,66.15,high_O,low_C,O>C,O>P>M>C,T,T,T,F,F,F
1782333409.212,2770,65.88,67.42,66.93,67.29,high_C,low_O,C>O,C>P>M>O,F,F,F,T,T,F
1782338536.579,2771,67.42,68.27,67.6,67.8,high_C,low_O,C>O,C>P>M>O,F,F,F,T,T,F
1782343645.559,2772,68.27,68.02,67.9,67.8,high_O,low_P,O>P,O>C>M>P,T,T,T,T,T,T
1782347889.983,2773,68.02,67.8,68.0,68.02,TIE,low_C,TIE,TIE,T,T,TIE,F,F,F
1782350828.84,2774,67.8,67.57,67.61,67.55,high_O,low_P,O>P,O>M>C>P,T,T,T,F,T,T
1782355081.363,2775,67.58,67.82,67.75,67.8,high_C,low_O,C>O,C>P>M>O,F,F,F,T,T,F
1782358803.812,2776,67.82,67.51,67.63,67.65,high_O,low_C,O>C,O>P>M>C,T,T,T,F,F,F
1782361944.615,2777,67.51,67.49,67.6,67.6,TIE,low_C,TIE,TIE,T,F,F,F,F,TIE
1782363204.996,2778,67.49,68.22,67.99,68.12,high_C,low_O,C>O,C>P>M>O,F,F,F,T,T,F
1782363725.193,2779,68.22,68.6,68.35,68.4,high_C,low_O,C>O,C>P>M>O,F,F,F,T,T,F
1782364100.544,2780,68.6,68.93,68.71,68.68,high_C,low_O,C>O,C>M>P>O,F,F,F,T,T,T
1782364640.111,2781,68.93,68.98,68.96,68.94,high_C,low_O,C>O,C>M>P>O,F,F,F,T,T,T
1782365528.391,2782,68.98,69.15,69.01,68.98,high_C,TIE,TIE,TIE,F,F,TIE,T,T,T
1782367397.346,2783,69.15,69.11,69.1,69.1,high_O,TIE,TIE,TIE,T,T,T,T,T,TIE
1782368215.276,2784,69.11,69.54,69.35,69.48,high_C,low_O,C>O,C>P>M>O,F,F,F,T,T,F
1782370225.42,2785,69.54,69.42,69.36,69.37,high_O,low_M,O>M,O>C>P>M,T,T,T,T,T,F
1782372720.326,2786,69.43,69.36,69.34,69.3,high_O,low_P,O>P,O>C>M>P,T,T,T,T,T,T
1782375722.811,2787,69.36,69.1,69.31,69.35,high_O,low_C,O>C,O>P>M>C,T,T,T,F,F,F
1782378595.468,2788,69.1,69.09,69.05,68.99,high_O,low_P,O>P,O>C>M>P,T,T,T,T,T,T
1782381977.576,2789,69.09,68.78,68.89,68.92,high_O,low_C,O>C,O>P>M>C,T,T,T,F,F,F
1782384081.074,2790,68.77,68.36,68.57,68.53,high_O,low_C,O>C,O>M>P>C,T,T,T,F,F,T
1782385214.092,2791,68.36,68.29,68.28,68.3,high_O,low_M,O>M,O>P>C>M,T,T,T,T,F,F
1782386214.169,2792,68.29,68.24,68.14,68.05,high_O,low_P,O>P,O>C>M>P,T,T,T,T,T,T
1782388818.501,2793,68.24,68.17,68.13,68.1,high_O,low_P,O>P,O>C>M>P,T,T,T,T,T,T
1782390620.123,2794,68.17,68.22,68.03,68.0,high_C,low_P,C>P,C>O>M>P,F,T,T,T,T,T
1782390802.895,2795,68.22,68.36,68.59,68.4,high_M,low_O,M>O,M>P>C>O,F,F,F,F,F,T
1782392431.184,2796,68.36,68.26,68.37,68.45,high_P,low_C,P>C,P>M>O>C,T,F,F,F,F,F
1782394288.652,2797,68.26,67.87,68.22,68.23,high_O,low_C,O>C,O>P>M>C,T,T,T,F,F,F
1782394728.049,2798,67.87,67.45,67.8,67.9,high_P,low_C,P>C,P>O>M>C,T,T,F,F,F,F
1782394990.965,2799,67.45,66.83,67.13,66.91,high_O,low_C,O>C,O>M>P>C,T,T,T,F,F,T
1782395168.375,2800,66.83,66.0,66.55,66.37,high_O,low_C,O>C,O>M>P>C,T,T,T,F,F,T
1782395332.009,2801,66.0,65.5,65.97,66.04,high_P,low_C,P>C,P>O>M>C,T,T,F,F,F,F
1782395508.717,2802,65.5,65.32,65.5,65.84,high_P,low_C,P>C,TIE,T,TIE,F,F,F,F
1782395670.317,2803,65.32,64.84,64.9,64.86,high_O,low_C,O>C,O>M>P>C,T,T,T,F,F,T
1782395834.291,2804,64.84,64.65,64.65,64.43,high_O,low_P,O>P,TIE,T,T,T,TIE,T,T
1782396003.683,2805,64.65,64.32,64.29,64.03,high_O,low_P,O>P,O>C>M>P,T,T,T,T,T,T
1782396157.391,2806,64.32,65.3,64.86,64.87,high_C,low_O,C>O,C>P>M>O,F,F,F,T,T,F
1782396450.596,2807,65.3,65.44,65.31,65.22,high_C,low_P,C>P,C>M>O>P,F,F,T,T,T,T
1782396702.994,2808,65.44,66.1,65.93,65.8,high_C,low_O,C>O,C>M>P>O,F,F,F,T,T,T
1782397179.739,2809,66.1,65.56,65.59,65.5,high_O,low_P,O>P,O>M>C>P,T,T,T,F,T,T
1782397983.336,2810,65.56,66.2,65.88,66.0,high_C,low_O,C>O,C>P>M>O,F,F,F,T,T,F
1782398208.202,2811,66.2,66.34,66.73,66.6,high_M,low_O,M>O,M>P>C>O,F,F,F,F,F,T
1782399647.934,2812,66.34,66.16,66.24,66.0,high_O,low_P,O>P,O>M>C>P,T,T,T,F,T,T
1782401873.199,2813,66.16,66.05,65.85,65.85,high_O,TIE,TIE,TIE,T,T,T,T,T,TIE
1782405522.303,2814,66.05,66.2,66.35,66.3,high_M,low_O,M>O,M>P>C>O,F,F,F,F,F,T
1782408994.051,2815,66.2,67.17,66.54,65.85,high_C,low_P,C>P,C>M>O>P,F,F,T,T,T,T
1782413134.895,2816,67.17,66.06,66.55,66.04,high_O,low_P,O>P,O>M>C>P,T,T,T,F,T,T
1782417443.973,2817,66.06,66.0,65.96,65.93,high_O,low_P,O>P,O>C>M>P,T,T,T,T,T,T
1782421102.705,2818,66.0,66.16,66.45,66.5,high_P,low_O,P>O,P>M>C>O,F,F,F,F,F,F
1782424999.444,2819,66.17,67.24,66.85,67.1,high_C,low_O,C>O,C>P>M>O,F,F,F,T,T,F
1782428866.848,2820,67.24,67.08,67.09,67.1,high_O,low_C,O>C,O>P>M>C,T,T,T,F,F,F
1782430087.146,2821,67.08,68.17,67.62,67.74,high_C,low_O,C>O,C>P>M>O,F,F,F,T,T,F
1782430442.749,2822,68.17,68.25,68.42,68.39,high_M,low_O,M>O,M>P>C>O,F,F,F,F,F,T
1782432792.964,2823,68.25,67.71,67.78,67.68,high_O,low_P,O>P,O>M>C>P,T,T,T,F,T,T
1782436029.714,2824,67.71,67.54,67.82,67.87,high_P,low_C,P>C,P>M>O>C,T,F,F,F,F,F
1782438133.64,2825,67.54,67.27,67.36,67.3,high_O,low_C,O>C,O>M>P>C,T,T,T,F,F,T
1782440012.863,2826,67.27,66.0,66.97,67.29,high_P,low_C,P>C,P>O>M>C,T,T,F,F,F,F
1782440564.48,2827,66.0,66.02,66.15,66.05,high_M,low_O,M>O,M>P>C>O,F,F,F,F,F,T
1782442093.274,2828,66.02,66.47,66.49,66.56,high_P,low_O,P>O,P>M>C>O,F,F,F,F,F,F
1782443212.235,2829,66.47,66.51,66.14,65.94,high_C,low_P,C>P,C>O>M>P,F,T,T,T,T,T
1782444477.011,2830,66.51,67.02,66.88,67.0,high_C,low_O,C>O,C>P>M>O,F,F,F,T,T,F
1782445661.917,2831,67.02,67.89,67.31,67.9,high_P,low_O,P>O,P>C>M>O,F,F,F,T,F,F
1782447484.785,2832,67.89,68.27,68.08,68.05,high_C,low_O,C>O,C>M>P>O,F,F,F,T,T,T
1782451147.173,2833,68.26,68.29,68.03,68.0,high_C,low_P,C>P,C>O>M>P,F,T,T,T,T,T
1782454462.109,2834,68.29,68.09,68.15,68.15,high_O,low_C,O>C,TIE,T,T,T,F,F,TIE
1782455520.661,2835,68.09,69.08,69.03,69.0,high_C,low_O,C>O,C>M>P>O,F,F,F,T,T,T
1782457205.082,2836,69.08,69.99,69.67,69.69,high_C,low_O,C>O,C>P>M>O,F,F,F,T,T,F
1782457746.129,2837,69.99,70.35,70.38,70.38,TIE,low_O,TIE,TIE,F,F,F,F,F,TIE
1782459958.185,2838,70.35,70.55,70.57,70.5,high_M,low_O,M>O,M>C>P>O,F,F,F,F,T,T
1782461995.585,2839,70.55,69.85,70.42,70.61,high_P,low_C,P>C,P>O>M>C,T,T,F,F,F,F
1782464595.103,2840,69.85,69.86,69.87,69.9,high_P,low_O,P>O,P>M>C>O,F,F,F,F,F,F
1782467505.543,2841,69.85,69.01,69.62,69.75,high_O,low_C,O>C,O>P>M>C,T,T,T,F,F,F
1782470827.601,2842,69.01,68.78,69.0,69.0,high_O,low_C,O>C,TIE,T,T,T,F,F,TIE
1782474814.056,2843,68.78,68.41,68.68,68.66,high_O,low_C,O>C,O>M>P>C,T,T,T,F,F,T
1782477189.768,2844,68.41,69.31,68.93,69.04,high_C,low_O,C>O,C>P>M>O,F,F,F,T,T,F
1782477984.071,2845,69.31,69.07,68.85,68.5,high_O,low_P,O>P,O>C>M>P,T,T,T,T,T,T
1782479973.142,2846,69.07,68.28,68.84,69.0,high_O,low_C,O>C,O>P>M>C,T,T,T,F,F,F
1782480931.617,2847,68.28,69.27,68.75,69.0,high_C,low_O,C>O,C>P>M>O,F,F,F,T,T,F
1782481982.933,2848,69.27,70.06,69.54,69.28,high_C,low_O,C>O,C>M>P>O,F,F,F,T,T,T
1782482606.285,2849,70.06,70.28,70.57,70.63,high_P,low_O,P>O,P>M>C>O,F,F,F,F,F,F
1782483610.708,2850,70.28,71.14,70.92,70.7,high_C,low_O,C>O,C>M>P>O,F,F,F,T,T,T
1782484671.625,2851,71.15,70.79,71.5,71.5,TIE,low_C,TIE,TIE,T,F,F,F,F,TIE
1782486606.249,2852,70.79,71.2,70.72,70.7,high_C,low_P,C>P,C>O>M>P,F,T,T,T,T,T
1782489072.184,2853,71.2,71.65,71.74,71.8,high_P,low_O,P>O,P>M>C>O,F,F,F,F,F,F
1782490104.071,2854,71.65,72.53,72.73,72.74,high_P,low_O,P>O,P>M>C>O,F,F,F,F,F,F
1782493679.888,2855,72.53,72.54,72.53,72.5,high_C,low_P,C>P,TIE,F,TIE,T,T,T,T
1782499212.084,2856,72.54,72.57,72.57,72.6,high_P,low_O,P>O,TIE,F,F,F,TIE,F,F
1782502617.415,2857,72.57,73.64,73.23,73.2,high_C,low_O,C>O,C>M>P>O,F,F,F,T,T,T
1782504509.69,2858,73.64,73.26,73.36,73.27,high_O,low_C,O>C,O>M>P>C,T,T,T,F,F,T
1782507023.715,2859,73.26,72.42,72.62,72.22,high_O,low_P,O>P,O>M>C>P,T,T,T,F,T,T
1782511021.481,2860,72.42,72.08,72.07,71.85,high_O,low_P,O>P,O>C>M>P,T,T,T,T,T,T
1782514237.584,2861,72.08,71.74,71.68,71.73,high_O,low_M,O>M,O>C>P>M,T,T,T,T,T,F
1782518810.547,2862,71.74,72.35,71.88,71.89,high_C,low_O,C>O,C>P>M>O,F,F,F,T,T,F
1782521400.294,2863,72.35,71.85,72.19,72.4,high_P,low_C,P>C,P>O>M>C,T,T,F,F,F,F
1782525409.247,2864,71.85,71.35,71.56,71.52,high_O,low_C,O>C,O>M>P>C,T,T,T,F,F,T
1782527310.023,2865,71.35,72.18,71.78,72.0,high_C,low_O,C>O,C>P>M>O,F,F,F,T,T,F
1782530297.64,2866,72.18,71.94,72.03,72.04,high_O,low_C,O>C,O>P>M>C,T,T,T,F,F,F
1782533146.4,2867,71.94,72.44,72.22,72.26,high_C,low_O,C>O,C>P>M>O,F,F,F,T,T,F
1782536080.993,2868,72.44,71.93,72.29,71.99,high_O,low_C,O>C,O>M>P>C,T,T,T,F,F,T
1782538388.966,2869,71.93,71.64,71.82,71.89,high_O,low_C,O>C,O>P>M>C,T,T,T,F,F,F
1782542052.807,2870,71.65,72.08,71.76,71.69,high_C,low_O,C>O,C>M>P>O,F,F,F,T,T,T
1782544576.344,2871,72.08,72.04,72.09,72.0,high_M,low_P,M>P,M>O>C>P,T,F,T,F,T,T
1782547636.2,2872,72.04,72.27,72.14,72.12,high_C,low_O,C>O,C>M>P>O,F,F,F,T,T,T
1782549967.964,2873,72.27,71.87,72.13,72.08,high_O,low_C,O>C,O>M>P>C,T,T,T,F,F,T
1782552238.433,2874,71.87,71.72,71.88,71.7,high_M,low_P,M>P,M>O>C>P,T,F,T,F,T,T
1782555917.165,2875,71.72,72.0,71.8,71.8,high_C,low_O,C>O,TIE,F,F,F,T,T,TIE
1782558456.113,2876,72.0,71.87,71.93,72.0,TIE,low_C,TIE,TIE,T,T,TIE,F,F,F
1782559998.631,2877,71.87,71.65,71.65,71.65,high_O,TIE,TIE,TIE,T,T,T,TIE,TIE,TIE
1782561915.864,2878,71.65,71.76,71.65,71.65,high_C,TIE,TIE,TIE,F,TIE,TIE,T,T,TIE
1782564809.165,2879,71.76,72.02,71.78,71.78,high_C,low_O,C>O,TIE,F,F,F,T,T,TIE
1782566702.378,2880,72.02,72.24,72.15,72.14,high_C,low_O,C>O,C>M>P>O,F,F,F,T,T,T
1782568103.067,2881,72.24,72.31,72.41,72.41,TIE,low_O,TIE,TIE,F,F,F,F,F,TIE
1782569677.736,2882,72.31,72.62,72.34,72.28,high_C,low_P,C>P,C>M>O>P,F,F,T,T,T,T
1782571381.084,2883,72.62,72.79,72.67,72.7,high_C,low_O,C>O,C>P>M>O,F,F,F,T,T,F
1782573053.334,2884,72.8,73.0,72.8,73.0,TIE,TIE,TIE,TIE,F,TIE,F,T,TIE,F
1782574197.417,2885,73.0,72.86,73.0,73.0,TIE,low_C,TIE,TIE,T,TIE,TIE,F,F,TIE
1782576469.359,2886,72.86,72.88,72.81,72.77,high_C,low_P,C>P,C>O>M>P,F,T,T,T,T,T
1782579591.991,2887,72.88,72.6,72.74,72.67,high_O,low_C,O>C,O>M>P>C,T,T,T,F,F,T
1782579887.657,2888,72.6,71.87,72.2,72.15,high_O,low_C,O>C,O>M>P>C,T,T,T,F,F,T
1782581667.688,2889,71.87,72.16,72.15,72.2,high_P,low_O,P>O,P>C>M>O,F,F,F,T,F,F
1782584543.391,2890,72.16,71.86,72.1,72.11,high_O,low_C,O>C,O>P>M>C,T,T,T,F,F,F
1782587701.816,2891,71.86,71.87,71.88,71.8,high_M,low_P,M>P,M>C>O>P,F,F,T,F,T,T
1782588304.872,2892,71.87,71.13,71.45,71.65,high_O,low_C,O>C,O>P>M>C,T,T,T,F,F,F
1782588713.932,2893,71.13,71.0,71.13,71.12,TIE,low_C,TIE,TIE,T,TIE,T,F,F,T
1782590408.083,2894,71.0,71.07,71.06,71.0,high_C,TIE,TIE,TIE,F,F,TIE,T,T,T
1782594079.382,2895,71.07,71.35,71.19,71.18,high_C,low_O,C>O,C>M>P>O,F,F,F,T,T,T
1782596648.098,2896,71.35,71.08,71.43,71.43,TIE,low_C,TIE,TIE,T,F,F,F,F,TIE
1782598054.739,2897,71.08,70.75,70.85,70.95,high_O,low_C,O>C,O>P>M>C,T,T,T,F,F,F
1782598712.986,2898,70.75,70.5,70.5,70.52,high_O,TIE,TIE,TIE,T,T,T,TIE,F,F
1782600581.06,2899,70.5,70.91,70.8,70.52,high_C,low_O,C>O,C>M>P>O,F,F,F,T,T,T
1782602879.43,2900,70.91,70.52,70.72,70.59,high_O,low_C,O>C,O>M>P>C,T,T,T,F,F,T
1782606067.481,2901,70.52,70.68,70.54,70.46,high_C,low_P,C>P,C>M>O>P,F,F,T,T,T,T
1782609648.831,2902,70.68,70.65,70.64,70.65,high_O,low_M,O>M,TIE,T,T,T,T,TIE,F
1782613236.129,2903,70.65,70.78,70.82,70.8,high_M,low_O,M>O,M>P>C>O,F,F,F,F,F,T
1782616279.279,2904,70.78,70.85,70.69,70.74,high_C,low_M,C>M,C>O>P>M,F,T,T,T,T,F
1782619210.592,2905,70.85,70.81,70.81,70.8,high_O,low_P,O>P,TIE,T,T,T,TIE,T,T
1782622625.512,2906,70.81,70.76,70.77,70.8,high_O,low_C,O>C,O>P>M>C,T,T,T,F,F,F
1782624326.427,2907,70.76,70.36,70.49,70.47,high_O,low_C,O>C,O>M>P>C,T,T,T,F,F,T
1782624841.548,2908,70.36,70.35,70.23,70.25,high_O,low_M,O>M,O>C>P>M,T,T,T,T,T,F
1782627183.677,2909,70.35,70.23,70.4,70.4,TIE,low_C,TIE,TIE,T,F,F,F,F,TIE
1782629043.975,2910,70.22,70.45,70.35,70.19,high_C,low_P,C>P,C>M>O>P,F,F,T,T,T,T
1782630489.661,2911,70.45,70.69,70.68,70.82,high_P,low_O,P>O,P>C>M>O,F,F,F,T,F,F
1782632583.825,2912,70.69,70.82,70.73,70.72,high_C,low_O,C>O,C>M>P>O,F,F,F,T,T,T
1782633620.09,2913,70.82,71.08,70.95,70.94,high_C,low_O,C>O,C>M>P>O,F,F,F,T,T,T
1782635052.276,2914,71.08,71.19,71.2,71.23,high_P,low_O,P>O,P>M>C>O,F,F,F,F,F,F
1782635987.217,2915,71.19,71.78,71.6,71.76,high_C,low_O,C>O,C>P>M>O,F,F,F,T,T,F
1782636207.293,2916,71.78,72.05,71.98,71.88,high_C,low_O,C>O,C>M>P>O,F,F,F,T,T,T
1782637213.253,2917,72.05,71.88,71.96,71.88,high_O,TIE,TIE,TIE,T,T,T,F,TIE,T
1782639749.522,2918,71.88,71.87,71.74,71.73,high_O,low_P,O>P,O>C>M>P,T,T,T,T,T,T
1782641305.482,2919,71.87,71.37,71.53,71.5,high_O,low_C,O>C,O>M>P>C,T,T,T,F,F,T
1782643448.993,2920,71.37,71.36,71.27,71.16,high_O,low_P,O>P,O>C>M>P,T,T,T,T,T,T
1782646020.918,2921,71.36,71.87,71.59,71.41,high_C,low_O,C>O,C>M>P>O,F,F,F,T,T,T
1782649160.326,2922,71.87,71.69,71.84,71.87,TIE,low_C,TIE,TIE,T,T,TIE,F,F,F
1782651362.959,2923,71.69,71.87,71.94,71.8,high_M,low_O,M>O,M>C>P>O,F,F,F,F,T,T
1782653462.746,2924,71.87,71.69,71.5,71.4,high_O,low_P,O>P,O>C>M>P,T,T,T,T,T,T
1782655803.222,2925,71.69,71.91,71.85,71.76,high_C,low_O,C>O,C>M>P>O,F,F,F,T,T,T
1782659139.911,2926,71.92,71.84,71.83,71.81,high_O,low_P,O>P,O>C>M>P,T,T,T,T,T,T
1782661026.54,2927,71.84,71.74,71.8,71.78,high_O,low_C,O>C,O>M>P>C,T,T,T,F,F,T
1782663072.488,2928,71.73,71.85,71.9,71.97,high_P,low_O,P>O,P>M>C>O,F,F,F,F,F,F
1782664545.836,2929,71.85,71.21,71.42,71.4,high_O,low_C,O>C,O>M>P>C,T,T,T,F,F,T
1782666557.846,2930,71.21,71.76,71.39,71.22,high_C,low_O,C>O,C>M>P>O,F,F,F,T,T,T
1782668415.948,2931,71.76,71.11,71.29,71.0,high_O,low_P,O>P,O>M>C>P,T,T,T,F,T,T
1782671745.89,2932,71.11,71.01,71.34,71.55,high_P,low_C,P>C,P>M>O>C,T,F,F,F,F,F
1782675439.75,2933,71.01,70.92,71.01,71.0,TIE,low_C,TIE,TIE,T,TIE,T,F,F,T
1782676717.666,2934,70.92,70.65,70.5,70.49,high_O,low_P,O>P,O>C>M>P,T,T,T,T,T,T
1782679412.152,2935,70.65,70.68,70.92,71.0,high_P,low_O,P>O,P>M>C>O,F,F,F,F,F,F
1782683385.364,2936,70.68,70.32,70.77,70.71,high_M,low_C,M>C,M>P>O>C,T,F,F,F,F,T
1782684263.072,2937,70.32,71.35,70.82,70.33,high_C,low_O,C>O,C>M>P>O,F,F,F,T,T,T
1782685426.91,2938,71.35,70.89,71.0,71.27,high_O,low_C,O>C,O>P>M>C,T,T,T,F,F,F
1782687163.999,2939,70.89,70.24,70.55,70.54,high_O,low_C,O>C,O>M>P>C,T,T,T,F,F,T
1782687364.093,2940,70.24,70.15,69.9,69.9,high_O,TIE,TIE,TIE,T,T,T,T,T,TIE
1782688953.362,2941,70.14,70.7,70.53,70.56,high_C,low_O,C>O,C>P>M>O,F,F,F,T,T,F
1782690023.708,2942,70.7,71.62,71.31,71.62,TIE,low_O,TIE,TIE,F,F,F,T,TIE,F
1782692055.459,2943,71.62,71.43,71.35,71.62,TIE,low_M,TIE,TIE,T,T,TIE,T,F,F
1782693723.956,2944,71.43,71.07,70.76,70.62,high_O,low_P,O>P,O>C>M>P,T,T,T,T,T,T
1782695882.41,2945,71.07,71.09,71.36,71.4,high_P,low_O,P>O,P>M>C>O,F,F,F,F,F,F
1782699184.455,2946,71.09,70.81,71.22,71.06,high_M,low_C,M>C,M>O>P>C,T,F,T,F,F,T
1782700952.062,2947,70.81,72.03,71.55,71.75,high_C,low_O,C>O,C>P>M>O,F,F,F,T,T,F
1782702560.385,2948,72.03,73.05,72.45,72.1,high_C,low_O,C>O,C>M>P>O,F,F,F,T,T,T
1782704838.789,2949,73.05,72.71,73.0,73.05,TIE,low_C,TIE,TIE,T,T,TIE,F,F,F
1782708627.016,2950,72.71,71.69,72.25,71.83,high_O,low_C,O>C,O>M>P>C,T,T,T,F,F,T
1782711231.083,2951,71.69,71.42,71.31,71.19,high_O,low_P,O>P,O>C>M>P,T,T,T,T,T,T
1782713891.361,2952,71.42,72.71,72.23,72.4,high_C,low_O,C>O,C>P>M>O,F,F,F,T,T,F
1782717291.816,2953,72.71,72.31,72.57,72.68,high_O,low_C,O>C,O>P>M>C,T,T,T,F,F,F
1782720988.97,2954,72.31,72.79,72.61,72.68,high_C,low_O,C>O,C>P>M>O,F,F,F,T,T,F
1782724594.879,2955,72.79,73.02,72.71,72.7,high_C,low_P,C>P,C>O>M>P,F,T,T,T,T,T
1782727789.14,2956,73.02,73.33,72.89,72.87,high_C,low_P,C>P,C>O>M>P,F,T,T,T,T,T
1782729386.168,2957,73.33,73.15,73.38,73.37,high_M,low_C,M>C,M>P>O>C,T,F,F,F,F,T
1782731868.027,2958,73.15,72.5,72.96,73.28,high_P,low_C,P>C,P>O>M>C,T,T,F,F,F,F
1782733563.163,2959,72.5,72.34,72.62,72.5,high_M,low_C,M>C,TIE,T,F,TIE,F,F,T
1782734703.803,2960,72.34,73.0,72.49,72.35,high_C,low_O,C>O,C>M>P>O,F,F,F,T,T,T
1782735152.982,2961,73.0,73.97,73.4,74.0,high_P,low_O,P>O,P>C>M>O,F,F,F,T,F,F
1782736152.84,2962,73.97,73.91,73.95,73.99,high_P,low_C,P>C,P>O>M>C,T,T,F,F,F,F
1782736762.946,2963,73.91,73.41,73.97,73.97,TIE,low_C,TIE,TIE,T,F,F,F,F,TIE
1782738437.961,2964,73.41,73.79,73.41,73.35,high_C,low_P,C>P,TIE,F,TIE,T,T,T,T
1782740158.593,2965,73.79,73.64,73.9,74.11,high_P,low_C,P>C,P>M>O>C,T,F,F,F,F,F
1782741184.364,2966,73.64,73.15,73.07,73.0,high_O,low_P,O>P,O>C>M>P,T,T,T,T,T,T
1782742614.023,2967,73.16,72.6,73.12,72.63,high_O,low_C,O>C,O>M>P>C,T,T,T,F,F,T
1782745651.017,2968,72.6,72.8,73.14,72.95,high_M,low_O,M>O,M>P>C>O,F,F,F,F,F,T
1782748666.286,2969,72.8,73.84,73.92,74.0,high_P,low_O,P>O,P>M>C>O,F,F,F,F,F,F
1782752528.054,2970,73.84,74.22,73.66,74.0,high_C,low_M,C>M,C>P>O>M,F,T,F,T,T,F
1782753331.074,2971,74.22,75.8,74.96,74.75,high_C,low_O,C>O,C>M>P>O,F,F,F,T,T,T
1782754410.004,2972,75.8,75.68,75.89,75.93,high_P,low_C,P>C,P>M>O>C,T,F,F,F,F,F
1782758496.843,2973,75.68,75.64,75.51,75.7,high_P,low_M,P>M,P>O>C>M,T,T,F,T,F,F
1782763456.223,2974,75.64,75.8,75.85,75.9,high_P,low_O,P>O,P>M>C>O,F,F,F,F,F,F
1782768452.211,2975,75.8,75.45,75.48,75.47,high_O,low_C,O>C,O>M>P>C,T,T,T,F,F,T
1782773474.302,2976,75.45,75.18,75.47,75.6,high_P,low_C,P>C,P>M>O>C,T,F,F,F,F,F
1782775844.079,2977,75.18,74.86,75.14,75.32,high_P,low_C,P>C,P>O>M>C,T,T,F,F,F,F
1782778291.881,2978,74.86,75.07,75.03,75.01,high_C,low_O,C>O,C>M>P>O,F,F,F,T,T,T
1782779588.1,2979,75.07,74.54,74.6,74.61,high_O,low_C,O>C,O>P>M>C,T,T,T,F,F,F
1782780652.295,2980,74.54,74.31,74.35,74.29,high_O,low_P,O>P,O>M>C>P,T,T,T,F,T,T
1782782469.417,2981,74.31,74.3,74.29,74.35,high_P,low_M,P>M,P>O>C>M,T,T,F,T,F,F
1782785175.975,2982,74.3,74.25,74.35,74.34,high_M,low_C,M>C,M>P>O>C,T,F,F,F,F,T
1782788649.527,2983,74.25,74.61,74.29,74.07,high_C,low_P,C>P,C>M>O>P,F,F,T,T,T,T
1782792201.468,2984,74.61,74.13,74.42,74.34,high_O,low_C,O>C,O>M>P>C,T,T,T,F,F,T
1782793148.48,2985,74.13,73.74,73.98,74.11,high_O,low_C,O>C,O>P>M>C,T,T,T,F,F,F
1782795426.537,2986,73.74,74.0,73.86,74.0,TIE,low_O,TIE,TIE,F,F,F,T,TIE,F
1782798726.114,2987,74.01,74.09,74.01,74.13,high_P,TIE,TIE,TIE,F,TIE,F,T,F,F
1782801680.269,2988,74.09,74.05,74.1,74.1,TIE,low_C,TIE,TIE,T,F,F,F,F,TIE
1782805166.775,2989,74.05,74.02,73.99,73.89,high_O,low_P,O>P,O>C>M>P,T,T,T,T,T,T
1782808262.868,2990,74.02,74.01,74.03,74.06,high_P,low_C,P>C,P>M>O>C,T,F,F,F,F,F
1782808662.57,2991,74.01,73.52,73.52,73.5,high_O,low_P,O>P,TIE,T,T,T,TIE,T,T
1782809314.465,2992,73.52,73.34,73.48,73.5,high_O,low_C,O>C,O>P>M>C,T,T,T,F,F,F
1782810301.027,2993,73.34,73.72,73.46,73.72,TIE,low_O,TIE,TIE,F,F,F,T,TIE,F
1782812502.309,2994,73.72,73.74,73.64,73.64,high_C,TIE,TIE,TIE,F,T,T,T,T,TIE
1782815895.629,2995,73.74,73.45,73.72,73.73,high_O,low_C,O>C,O>P>M>C,T,T,T,F,F,F
1782819063.934,2996,73.45,73.41,73.55,73.41,high_M,TIE,TIE,TIE,T,F,T,F,TIE,T
1782821043.053,2997,73.4,73.17,73.37,73.33,high_O,low_C,O>C,O>M>P>C,T,T,T,F,F,T
1782822017.624,2998,73.17,72.83,73.04,73.05,high_O,low_C,O>C,O>P>M>C,T,T,T,F,F,F
1782822791.189,2999,72.83,72.61,72.66,72.59,high_O,low_P,O>P,O>M>C>P,T,T,T,F,T,T
1782823918.618,3000,72.61,72.24,72.43,72.47,high_O,low_C,O>C,O>P>M>C,T,T,T,F,F,F
1782824603.091,3001,72.24,71.97,72.14,72.15,high_O,low_C,O>C,O>P>M>C,T,T,T,F,F,F
1782826210.173,3002,71.97,72.72,72.4,72.27,high_C,low_O,C>O,C>M>P>O,F,F,F,T,T,T
1782826859.575,3003,72.72,72.4,72.19,72.12,high_O,low_P,O>P,O>C>M>P,T,T,T,T,T,T
1782828109.811,3004,72.4,73.11,72.71,72.7,high_C,low_O,C>O,C>M>P>O,F,F,F,T,T,T
1782828928.956,3005,73.11,73.43,73.37,73.4,high_C,low_O,C>O,C>P>M>O,F,F,F,T,T,F
1782830473.337,3006,73.43,73.35,73.55,73.3,high_M,low_P,M>P,M>O>C>P,T,F,T,F,T,T
1782832607.296,3007,73.35,72.92,72.92,72.77,high_O,low_P,O>P,TIE,T,T,T,TIE,T,T
1782834376.38,3008,72.92,74.02,73.25,72.9,high_C,low_P,C>P,C>M>O>P,F,F,T,T,T,T
1782837812.152,3009,74.02,73.08,73.14,73.06,high_O,low_P,O>P,O>M>C>P,T,T,T,F,T,T
1782842450.985,3010,73.08,73.22,73.46,73.48,high_P,low_O,P>O,P>M>C>O,F,F,F,F,F,F
1782847201.116,3011,73.22,73.46,73.45,73.5,high_P,low_O,P>O,P>C>M>O,F,F,F,T,F,F
1782850749.85,3012,73.46,73.74,73.73,73.78,high_P,low_O,P>O,P>C>M>O,F,F,F,T,F,F
1782853855.178,3013,73.74,73.39,73.63,73.63,high_O,low_C,O>C,TIE,T,T,T,F,F,TIE
1782856878.199,3014,73.39,73.59,73.32,73.28,high_C,low_P,C>P,C>O>M>P,F,T,T,T,T,T
1782859959.441,3015,73.59,73.32,73.42,73.35,high_O,low_C,O>C,O>M>P>C,T,T,T,F,F,T
1782864084.041,3016,73.32,73.62,73.54,73.57,high_C,low_O,C>O,C>P>M>O,F,F,F,T,T,F
1782865631.914,3017,73.62,73.38,73.56,73.69,high_P,low_C,P>C,P>O>M>C,T,T,F,F,F,F
1782867924.081,3018,73.38,73.23,73.61,73.6,high_M,low_C,M>C,M>P>O>C,T,F,F,F,F,T
1782868309.163,3019,73.23,72.75,72.99,73.2,high_O,low_C,O>C,O>P>M>C,T,T,T,F,F,F
1782868405.161,3020,72.75,72.25,72.41,72.39,high_O,low_C,O>C,O>M>P>C,T,T,T,F,F,T
1782868602.942,3021,72.25,72.74,72.84,73.15,high_P,low_O,P>O,P>M>C>O,F,F,F,F,F,F
1782869153.072,3022,72.74,73.17,73.12,73.2,high_P,low_O,P>O,P>C>M>O,F,F,F,T,F,F
1782869940.133,3023,73.17,73.7,73.33,73.4,high_C,low_O,C>O,C>P>M>O,F,F,F,T,T,F
1782870071.065,3024,73.7,74.3,74.0,74.0,high_C,low_O,C>O,TIE,F,F,F,T,T,TIE
1782870583.96,3025,74.3,73.89,74.1,74.2,high_O,low_C,O>C,O>P>M>C,T,T,T,F,F,F
1782872201.244,3026,73.89,74.31,73.98,73.82,high_C,low_P,C>P,C>M>O>P,F,F,T,T,T,T
1782873050.114,3027,74.31,74.52,74.42,74.44,high_C,low_O,C>O,C>P>M>O,F,F,F,T,T,F
1782873633.668,3028,74.52,74.8,74.73,74.7,high_C,low_O,C>O,C>M>P>O,F,F,F,T,T,T
1782874908.92,3029,74.8,74.69,74.82,75.0,high_P,low_C,P>C,P>M>O>C,T,F,F,F,F,F
1782877028.787,3030,74.69,75.09,74.59,74.66,high_C,low_M,C>M,C>O>P>M,F,T,T,T,T,F
1782877934.606,3031,75.09,75.36,75.16,75.0,high_C,low_P,C>P,C>M>O>P,F,F,T,T,T,T
1782879619.601,3032,75.36,75.23,75.46,75.5,high_P,low_C,P>C,P>M>O>C,T,F,F,F,F,F
1782882662.6,3033,75.23,75.42,75.58,75.61,high_P,low_O,P>O,P>M>C>O,F,F,F,F,F,F
1782886422.468,3034,75.42,74.92,75.2,75.2,high_O,low_C,O>C,TIE,T,T,T,F,F,TIE
1782887804.196,3035,74.92,74.2,74.55,74.3,high_O,low_C,O>C,O>M>P>C,T,T,T,F,F,T
1782889690.84,3036,74.2,74.08,74.13,74.11,high_O,low_C,O>C,O>M>P>C,T,T,T,F,F,T
1782892337.361,3037,74.08,74.76,74.56,74.6,high_C,low_O,C>O,C>P>M>O,F,F,F,T,T,F
1782895386.709,3038,74.76,74.75,74.75,74.85,high_P,TIE,TIE,TIE,T,T,F,TIE,F,F
1782897544.979,3039,74.74,75.25,75.22,75.24,high_C,low_O,C>O,C>P>M>O,F,F,F,T,T,F
1782900234.106,3040,75.25,75.4,75.23,75.5,high_P,low_M,P>M,P>C>O>M,F,T,F,T,F,F
1782903622.003,3041,75.4,74.98,75.26,75.32,high_O,low_C,O>C,O>P>M>C,T,T,T,F,F,F
1782905850.786,3042,74.98,74.92,74.9,74.82,high_O,low_P,O>P,O>C>M>P,T,T,T,T,T,T
1782908231.784,3043,74.92,74.55,74.72,74.75,high_O,low_C,O>C,O>P>M>C,T,T,T,F,F,F
1782910925.406,3044,74.55,74.86,74.48,74.4,high_C,low_P,C>P,C>O>M>P,F,T,T,T,T,T
1782912467.905,3045,74.86,75.2,74.99,75.03,high_C,low_O,C>O,C>P>M>O,F,F,F,T,T,F
1782913092.462,3046,75.2,75.3,75.21,75.25,high_C,low_O,C>O,C>P>M>O,F,F,F,T,T,F
1782913982.797,3047,75.3,75.82,75.57,75.65,high_C,low_O,C>O,C>P>M>O,F,F,F,T,T,F
1782914858.02,3048,75.82,75.79,75.91,76.0,high_P,low_C,P>C,P>M>O>C,T,F,F,F,F,F
1782915438.197,3049,75.79,76.99,76.36,76.19,high_C,low_O,C>O,C>M>P>O,F,F,F,T,T,T
1782916264.319,3050,76.99,76.71,76.91,76.9,high_O,low_C,O>C,O>M>P>C,T,T,T,F,F,T
1782918329.056,3051,76.71,77.11,76.82,76.83,high_C,low_O,C>O,C>P>M>O,F,F,F,T,T,F
1782920121.144,3052,77.11,77.25,77.41,77.55,high_P,low_O,P>O,P>M>C>O,F,F,F,F,F,F
1782923525.315,3053,77.25,77.76,77.4,77.34,high_C,low_O,C>O,C>M>P>O,F,F,F,T,T,T
1782927367.569,3054,77.76,77.69,77.37,77.6,high_O,low_M,O>M,O>C>P>M,T,T,T,T,T,F
1782932464.432,3055,77.69,77.41,77.64,77.72,high_P,low_C,P>C,P>O>M>C,T,T,F,F,F,F
1782936007.858,3056,77.4,76.96,77.18,77.19,high_O,low_C,O>C,O>P>M>C,T,T,T,F,F,F
1782938406.791,3057,76.95,77.17,76.77,76.9,high_C,low_M,C>M,C>O>P>M,F,T,T,T,T,F
1782940305.056,3058,77.17,77.93,77.42,77.42,high_C,low_O,C>O,TIE,F,F,F,T,T,TIE
1782942376.343,3059,77.93,78.17,78.16,78.2,high_P,low_O,P>O,P>C>M>O,F,F,F,T,F,F
1782945201.057,3060,78.17,78.19,78.36,78.27,high_M,low_O,M>O,M>P>C>O,F,F,F,F,F,T
1782947346.241,3061,78.19,77.66,77.88,77.9,high_O,low_C,O>C,O>P>M>C,T,T,T,F,F,F
1782949203.205,3062,77.66,77.48,77.54,77.5,high_O,low_C,O>C,O>M>P>C,T,T,T,F,F,T
1782951444.742,3063,77.48,77.22,77.35,77.4,high_O,low_C,O>C,O>P>M>C,T,T,T,F,F,F
1782954910.669,3064,77.22,77.63,77.22,77.26,high_C,TIE,TIE,TIE,F,TIE,F,T,T,F
1782957157.48,3065,77.63,77.99,78.22,78.28,high_P,low_O,P>O,P>M>C>O,F,F,F,F,F,F
1782960872.818,3066,77.99,78.34,78.14,78.0,high_C,low_O,C>O,C>M>P>O,F,F,F,T,T,T
1782963132.969,3067,78.34,78.24,78.35,78.41,high_P,low_C,P>C,P>M>O>C,T,F,F,F,F,F
1782965044.666,3068,78.24,78.58,78.64,78.64,TIE,low_O,TIE,TIE,F,F,F,F,F,TIE
1782968467.795,3069,78.58,78.13,78.28,78.39,high_O,low_C,O>C,O>P>M>C,T,T,T,F,F,F
1782972407.67,3070,78.13,77.98,78.01,78.06,high_O,low_C,O>C,O>P>M>C,T,T,T,F,F,F
1782974823.348,3071,77.98,77.88,78.11,78.01,high_M,low_C,M>C,M>P>O>C,T,F,F,F,F,T
1782977025.851,3072,77.88,77.76,77.78,77.83,high_O,low_C,O>C,O>P>M>C,T,T,T,F,F,F
1782979979.784,3073,77.76,78.03,77.93,77.9,high_C,low_O,C>O,C>M>P>O,F,F,F,T,T,T
1782983485.78,3074,78.03,78.5,78.33,78.43,high_C,low_O,C>O,C>P>M>O,F,F,F,T,T,F
1782984710.697,3075,78.5,79.17,78.82,78.55,high_C,low_O,C>O,C>M>P>O,F,F,F,T,T,T
1782985070.425,3076,79.17,79.46,79.4,79.4,high_C,low_O,C>O,TIE,F,F,F,T,T,TIE
1782985621.592,3077,79.46,79.27,79.5,79.49,high_M,low_C,M>C,M>P>O>C,T,F,F,F,F,T
1782986861.745,3078,79.27,79.71,79.49,79.48,high_C,low_O,C>O,C>M>P>O,F,F,F,T,T,T
1782987737.07,3079,79.71,80.01,79.8,80.0,high_C,low_O,C>O,C>P>M>O,F,F,F,T,T,F
1782988059.762,3080,80.01,80.39,80.22,80.5,high_P,low_O,P>O,P>C>M>O,F,F,F,T,F,F
1782988691.82,3081,80.39,80.76,80.55,80.67,high_C,low_O,C>O,C>P>M>O,F,F,F,T,T,F
1782989070.561,3082,80.76,81.0,81.05,80.8,high_M,low_O,M>O,M>C>P>O,F,F,F,F,T,T
1782989458.205,3083,81.0,81.36,81.16,81.15,high_C,low_O,C>O,C>M>P>O,F,F,F,T,T,T
1782989865.569,3084,81.36,81.77,81.7,81.8,high_P,low_O,P>O,P>C>M>O,F,F,F,T,F,F
1782990535.546,3085,81.77,81.74,81.85,81.85,TIE,low_C,TIE,TIE,T,F,F,F,F,TIE
