ts,bucket_id,O,C,M,P,OC,OM,OP,CM,CP,MP,T2,T3_hi,T3_lo,T4
1782033298.813,2620,73.21,73.19,73.12,73.19,>,>,>,>,=,<,-,O,M,-
1782040722.199,2621,73.19,73.36,73.9,74.0,<,<,<,<,<,<,-,P,O,-
1782050400.655,2622,73.36,73.87,73.33,73.12,<,>,>,>,>,>,-,C,P,-
1782061693.867,2623,73.88,74.38,74.0,74.0,<,<,<,>,>,=,-,C,O,C>MP>O
1782073923.219,2624,74.38,74.04,74.25,74.0,>,>,>,<,>,>,-,O,P,-
1782077763.835,2625,74.03,72.86,72.98,73.38,>,>,>,<,<,<,-,O,C,-
1782085007.063,2626,72.86,72.29,72.92,73.2,>,<,<,<,<,<,-,P,C,-
1782092046.12,2627,72.29,74.16,73.41,74.14,<,<,<,>,>,<,-,C,O,-
1782105063.871,2628,74.17,74.01,73.8,73.52,>,>,>,>,>,>,-,O,P,-
1782116379.08,2629,74.02,74.01,74.02,74.03,>,=,<,<,<,<,-,P,C,-
1782127871.167,2630,74.01,73.95,73.84,73.88,>,>,>,>,>,<,-,O,M,-
1782133923.98,2631,73.95,74.43,74.25,74.15,<,<,<,>,>,>,-,C,O,-
1782139568.947,2632,74.43,73.47,74.31,73.55,>,>,>,<,<,>,-,O,C,-
1782152560.278,2633,73.47,73.38,73.07,72.71,>,>,>,>,>,>,-,O,P,-
1782162965.116,2634,73.38,72.78,72.7,72.68,>,>,>,>,>,>,-,O,P,-
1782168919.734,2635,72.77,71.96,71.86,71.79,>,>,>,>,>,>,-,O,P,-
1782178464.87,2636,71.96,71.82,71.84,71.82,>,>,>,<,=,>,-,O,CP,-
1782190079.568,2637,71.82,71.69,71.75,71.88,>,>,<,<,<,<,-,P,C,-
1782194883.061,2638,71.69,70.73,71.08,71.0,>,>,>,<,<,>,-,O,C,-
1782196517.084,2639,70.73,70.13,70.0,69.81,>,>,>,>,>,>,-,O,P,-
1782202628.667,2640,70.13,68.81,69.96,70.17,>,>,<,<,<,<,-,P,C,-
1782210361.793,2641,68.81,68.85,68.69,68.8,<,>,>,>,>,<,-,C,M,-
1782221490.165,2642,68.85,68.6,68.92,69.13,>,<,<,<,<,<,-,P,C,-
1782229524.822,2643,68.6,68.68,69.15,69.15,<,<,<,<,<,=,-,MP,O,MP>C>O
1782242530.038,2644,68.68,68.78,68.87,68.87,<,<,<,<,<,=,-,MP,O,MP>C>O
1782252963.58,2645,68.77,69.61,69.05,68.94,<,<,<,>,>,>,-,C,O,-
1782261505.792,2646,69.61,70.02,69.62,69.47,<,<,>,>,>,>,-,C,P,-
1782270921.053,2647,70.02,69.26,69.87,70.01,>,>,>,<,<,<,-,O,C,-
1782282303.714,2648,69.26,69.94,69.53,69.26,<,<,=,>,>,>,-,C,OP,-
1782293512.643,2649,69.93,69.21,69.43,69.39,>,>,>,<,<,>,-,O,C,-
1782301721.065,2650,69.21,69.71,69.09,69.12,<,>,>,>,>,<,-,C,M,-
1782306752.142,2651,69.71,68.65,69.69,69.78,>,>,<,<,<,<,-,P,C,-
1782309060.308,2652,68.65,69.12,68.79,68.82,<,<,<,>,>,<,-,C,O,-
1782318915.392,2653,69.12,67.83,68.07,68.8,>,>,>,<,<,<,-,O,C,-
1782326157.952,2654,67.83,66.11,66.1,66.5,>,>,>,>,<,<,-,O,M,-
1782339673.039,2655,66.11,67.86,67.19,66.0,<,<,>,>,>,>,-,C,P,-
1782352924.763,2656,67.86,67.83,67.83,67.8,>,>,>,=,>,>,-,O,P,-
1782363420.733,2657,67.82,68.34,67.67,67.62,<,>,>,>,>,>,-,C,P,-
1782366606.049,2658,68.35,69.04,68.94,69.0,<,<,<,>,>,<,-,C,O,-
1782376540.667,2659,69.04,69.0,69.31,69.3,>,<,<,<,<,>,-,M,C,-
1782385551.555,2660,69.0,68.14,68.74,68.99,>,>,>,<,<,<,-,O,C,-
1782391209.795,2661,68.14,68.3,68.18,68.05,<,<,>,>,>,>,-,C,P,-
1782395115.914,2662,68.3,66.65,67.81,67.9,>,>,>,<,<,<,-,O,C,-
1782395748.457,2663,66.65,64.35,65.49,64.86,>,>,>,<,<,>,-,O,C,-
1782396630.916,2664,64.35,66.31,65.01,64.65,<,<,<,>,>,>,-,C,O,-
1782402649.316,2665,66.31,65.95,66.0,66.0,>,>,>,<,<,=,-,O,C,O>MP>C
1782415637.339,2666,65.95,65.87,66.38,66.68,>,<,<,<,<,<,-,P,C,-
1782427877.607,2667,65.87,67.08,66.52,66.42,<,<,<,>,>,>,-,C,O,-
1782435249.185,2668,67.07,67.82,67.86,67.66,<,<,<,<,>,>,-,M,O,-
1782441563.715,2669,67.82,66.51,66.65,67.24,>,>,>,<,<,<,-,O,C,-
1782448393.713,2670,66.51,68.01,67.18,67.0,<,<,<,>,>,>,-,C,O,-
1782457471.262,2671,68.01,70.29,69.15,70.38,<,<,<,>,<,<,-,P,O,-
1782466064.603,2672,70.29,69.8,70.3,69.9,>,<,>,<,<,>,-,M,C,-
1782477076.109,2673,69.8,69.12,68.96,68.66,>,>,>,>,>,>,-,O,P,-
1782482120.613,2674,69.11,70.55,69.0,69.0,<,>,>,>,>,=,-,C,MP,C>O>MP
1782489627.915,2675,70.55,72.84,71.14,70.7,<,<,<,>,>,>,-,C,O,-
1782501726.235,2676,72.84,73.35,72.64,72.5,<,>,>,>,>,>,-,C,P,-
1782510787.417,2677,73.34,72.05,72.91,73.27,>,>,>,<,<,<,-,O,C,-
1782522361.618,2678,72.06,71.65,71.81,71.73,>,>,>,<,<,>,-,O,C,-
1782533049.084,2679,71.66,72.26,71.96,72.14,<,<,<,>,>,<,-,C,O,-
1782544144.095,2680,72.26,72.0,72.0,71.99,>,>,>,=,>,>,-,O,P,-
1782563341.274,2682,71.75,71.75,71.78,71.65,=,<,>,<,>,>,-,M,P,-
1782571297.023,2683,71.75,72.79,72.35,72.31,<,<,<,>,>,>,-,C,O,-
1782579639.134,2684,72.79,72.47,72.81,73.0,>,<,<,<,<,<,-,P,C,-
1782587640.621,2685,72.47,71.9,72.08,71.8,>,>,>,<,>,>,-,O,P,-
1782592721.56,2686,71.9,71.2,71.13,71.0,>,>,>,>,>,>,-,O,P,-
1782599842.243,2687,71.2,71.01,70.84,70.52,>,>,>,>,>,>,-,O,P,-
1782612466.369,2688,71.01,70.87,70.65,70.59,>,>,>,>,>,>,-,O,P,-
1782622686.595,2689,70.87,70.74,70.79,70.8,>,>,>,<,<,<,-,O,C,-
1782628985.146,2690,70.73,70.46,70.38,70.4,>,>,>,>,>,<,-,O,M,-
1782635875.955,2691,70.45,71.47,70.94,70.72,<,<,<,>,>,>,-,C,O,-
1782641164.413,2692,71.47,71.35,71.81,71.88,>,<,<,<,<,<,-,P,C,-
1782651744.168,2693,71.36,71.58,71.73,71.8,<,<,<,<,<,<,-,P,O,-
1782661299.766,2694,71.58,71.72,71.78,71.81,<,<,<,<,<,<,-,P,O,-
1782669691.404,2695,71.72,71.55,71.46,71.4,>,>,>,>,>,>,-,O,P,-
1782680768.901,2696,71.55,70.82,70.9,71.0,>,>,>,<,<,<,-,O,C,-
1782687206.398,2697,70.82,69.79,70.7,70.8,>,>,>,<,<,<,-,O,C,-
1782694024.569,2698,69.79,70.9,70.92,71.62,<,<,<,<,<,<,-,P,O,-
1782703800.468,2699,70.91,73.17,71.67,73.0,<,<,<,>,>,<,-,C,O,-
1782716285.357,2700,73.17,72.35,72.27,72.4,>,>,>,>,<,<,-,O,M,-
1782728172.972,2701,72.35,73.32,72.73,72.7,<,<,<,>,>,>,-,C,O,-
1782735102.608,2702,73.32,73.44,72.89,73.37,<,>,<,>,>,<,-,C,M,-
1782741068.145,2703,73.44,73.01,73.73,74.0,>,<,<,<,<,<,-,P,C,-
1782752889.936,2704,73.01,74.59,73.5,74.0,<,<,<,>,>,<,-,C,O,-
1782761103.675,2705,74.59,75.96,75.56,75.5,<,<,<,>,>,>,-,C,O,-
1782773447.382,2706,75.97,75.17,75.59,75.45,>,>,>,<,<,>,-,O,C,-
1782780599.345,2707,75.17,74.54,74.94,75.01,>,>,>,<,<,<,-,O,C,-
1782791823.442,2708,74.54,74.18,74.35,74.34,>,>,>,<,<,>,-,O,C,-
1782799908.346,2709,74.17,74.01,73.99,74.0,>,>,>,>,>,<,-,O,M,-
1782808906.359,2710,74.01,73.49,73.92,73.89,>,>,>,<,<,>,-,O,C,-
1782816847.164,2711,73.49,73.64,73.6,73.65,<,<,<,>,<,<,-,P,O,-
1782824064.999,2712,73.64,72.3,72.85,72.47,>,>,>,<,<,>,-,O,C,-
1782828180.077,2713,72.3,73.53,72.39,72.12,<,<,>,>,>,>,-,C,P,-
1782838755.183,2714,73.53,73.42,73.27,72.9,>,>,>,>,>,>,-,O,P,-
1782851285.588,2715,73.42,73.67,73.52,73.5,<,<,<,>,>,>,-,C,O,-
1782862264.484,2716,73.66,73.55,73.43,73.28,>,>,>,>,>,>,-,O,P,-
1782868368.677,2717,73.54,72.45,73.49,73.65,>,>,<,<,<,<,-,P,C,-
1782869987.289,2718,72.45,74.09,73.15,73.1,<,<,<,>,>,>,-,C,O,-
1782873930.278,2719,74.09,74.96,74.35,74.7,<,<,<,>,>,<,-,C,O,-
1782883995.089,2720,74.96,75.23,75.34,75.42,<,<,<,<,<,<,-,P,O,-
1782892977.114,2721,75.23,74.78,74.49,74.2,>,>,>,>,>,>,-,O,P,-
1782903709.694,2722,74.78,74.66,75.16,75.24,>,<,<,<,<,<,-,P,C,-
1782912629.502,2723,74.66,74.67,74.82,74.84,<,<,<,<,<,<,-,P,O,-
1782915828.184,2724,74.67,76.92,75.91,75.65,<,<,<,>,>,>,-,C,O,-
1782927397.211,2725,76.92,77.69,77.26,77.45,<,<,<,>,>,<,-,C,O,-
1782939242.36,2726,77.69,77.24,77.26,76.9,>,>,>,<,>,>,-,O,P,-
1782947773.798,2727,77.25,77.44,77.97,77.9,<,<,<,<,<,>,-,M,O,-
1782957865.778,2728,77.44,77.97,77.5,77.4,<,<,>,>,>,>,-,C,P,-
1782968643.089,2729,77.97,78.11,78.37,78.39,<,<,<,<,<,<,-,P,O,-
1782980223.176,2730,78.11,78.16,77.95,77.9,<,>,>,>,>,>,-,C,P,-
1782985862.132,2731,78.17,79.3,79.26,79.4,<,<,<,>,<,<,-,P,O,-
1782988887.441,2732,79.3,80.96,80.13,79.48,<,<,<,>,>,>,-,C,O,-
