ts,bucket_id,variant,side,entry,exit_reason,exit_price,pnl_pct,minutes_held,mfe_before_exit,giveback
1782668512.777,10329,locked,long,71.22,SIGNAL,71.33,0.1545,37.1,0.674,0.5195
1782693412.746,11107,locked,long,70.75,SL,70.5378,-0.3,0.7,0.0565,0.3565
1782734635.698,12070,locked,long,72.96,SIGNAL,73.34,0.5208,6.75,0.699,0.1782
1782751204.42,12688,locked,long,73.5,SIGNAL,75.88,3.2381,36.35,4.068,0.8299
1782754280.573,12831,locked,long,75.99,SL,75.762,-0.3,1.01,0.1316,0.4316
1782792863.002,13568,locked,long,74.12,SL,73.8976,-0.3,2.29,0.0675,0.3675
1782809399.308,14009,locked,long,73.44,SIGNAL,73.36,-0.1089,0.41,0.0136,0.1225
1782824820.067,14563,locked,long,72.35,SIGNAL,72.36,0.0138,5.54,0.1659,0.152
1782830704.396,14873,locked,long,73.53,SL,73.3094,-0.3,0.74,0.0136,0.3136
1782838451.583,15067,locked,long,73.44,SIGNAL,73.8,0.4902,15.34,0.64,0.1498
1782859554.143,15371,locked,long,73.4,SIGNAL,73.35,-0.0681,15.04,0.0545,0.1226
1782872022.447,16028,locked,long,74.17,SIGNAL,74.28,0.1483,3.65,0.2562,0.1079
1782887575.223,16574,locked,long,74.74,SL,74.5158,-0.3,0.45,0.0134,0.3134
1782913104.22,17269,locked,long,75.31,SIGNAL,75.46,0.1992,6.11,0.4647,0.2656
1782916264.319,17516,locked,long,76.71,SL,76.4799,-0.3,2.33,0.0782,0.3782
1782937801.049,17921,locked,long,76.84,SIGNAL,77.23,0.5075,17.24,0.6637,0.1562
1782953628.735,18331,locked,long,77.28,SIGNAL,78.24,1.2422,41.41,1.3846,0.1423
1782967908.216,18645,locked,long,78.34,SL,78.105,-0.3,9.21,0.0638,0.3638
1782996923.384,19954,locked,long,81.31,SIGNAL,81.27,-0.0492,7.98,0.1722,0.2214
1783006546.606,20127,locked,long,80.81,SL,80.5676,-0.3,0.0,0.0124,0.3124
1783048849.434,20976,locked,long,80.79,SIGNAL,80.76,-0.0371,16.1,0.1857,0.2228
1783064461.64,21244,locked,long,81.15,SIGNAL,81.28,0.1602,13.79,0.4067,0.2465
1783068200.323,21340,locked,long,81.43,SIGNAL,81.3,-0.1596,1.83,0.086,0.2456
1783079828.969,21730,locked,long,81.55,SIGNAL,81.47,-0.0981,12.37,0.2207,0.3188
1783086470.817,21870,locked,long,81.56,SIGNAL,81.4,-0.1962,12.97,0.2943,0.4904
1783089105.424,21963,locked,long,81.39,SIGNAL,81.24,-0.1843,2.85,0.0123,0.1966
1782659910.958,10048,unlocked,long,71.9,SIGNAL,72.03,0.1808,16.4,0.2782,0.0974
1782661973.584,10099,unlocked,long,71.92,SL,71.7042,-0.3,0.9,0.0278,0.3278
1782668512.777,10329,unlocked,long,71.22,SIGNAL,71.56,0.4774,27.08,0.674,0.1966
1782687374.116,10864,unlocked,long,70.11,SIGNAL,70.45,0.485,7.33,0.7417,0.2567
1782692104.018,11053,unlocked,long,71.4,SL,71.1858,-0.3,1.14,0.07,0.37
1782694519.38,11137,unlocked,long,71.4,SIGNAL,71.67,0.3782,4.69,0.3922,0.014
1782734437.239,12046,unlocked,long,72.4,SIGNAL,72.39,-0.0138,0.19,0.0138,0.0276
1782740078.919,12392,unlocked,long,73.99,SIGNAL,73.99,0.0,0.49,0.0676,0.0676
1782751020.608,12685,unlocked,long,73.2,SIGNAL,76.16,4.0437,38.72,4.4945,0.4508
1782754228.85,12829,unlocked,long,76.01,SIGNAL,75.84,-0.2237,1.87,0.2105,0.4342
1782757156.79,12874,unlocked,long,75.54,SIGNAL,75.5,-0.053,2.32,0.0265,0.0794
1782779638.263,13220,unlocked,long,74.55,SL,74.3263,-0.3,2.18,0.0,0.3
1782782512.769,13340,unlocked,long,74.26,SIGNAL,74.62,0.4848,8.14,0.5117,0.0269
1782792863.002,13568,unlocked,long,74.12,SL,73.8976,-0.3,2.29,0.0675,0.3675
1782800920.004,13737,unlocked,long,74.15,SIGNAL,74.14,-0.0135,2.02,0.1079,0.1214
1782809399.308,14009,unlocked,long,73.44,SIGNAL,73.41,-0.0408,0.0,0.0136,0.0545
1782824820.067,14563,unlocked,long,72.35,SIGNAL,72.45,0.1382,2.77,0.1659,0.0276
1782830704.396,14873,unlocked,long,73.53,SL,73.3094,-0.3,0.74,0.0136,0.3136
1782838451.583,15067,unlocked,long,73.44,SIGNAL,73.63,0.2587,9.4,0.354,0.0953
1782854915.016,15296,unlocked,long,73.29,SIGNAL,73.31,0.0273,1.33,0.0819,0.0546
1782859554.143,15371,unlocked,long,73.4,SIGNAL,73.37,-0.0409,1.09,0.0,0.0409
1782872022.447,16028,unlocked,long,74.17,SIGNAL,74.2,0.0404,2.78,0.1079,0.0674
1782880283.909,16434,unlocked,long,75.65,SIGNAL,75.47,-0.2379,2.62,0.1851,0.423
1782887575.223,16574,unlocked,long,74.74,SIGNAL,74.71,-0.0401,0.35,0.0134,0.0535
1782904297.303,16994,unlocked,long,74.99,SIGNAL,75.27,0.3734,7.46,0.3734,0.0
1782913104.22,17269,unlocked,long,75.31,SIGNAL,75.5,0.2523,3.64,0.4647,0.2125
1782916264.319,17516,unlocked,long,76.71,SIGNAL,76.74,0.0391,0.89,0.0521,0.013
1782937801.049,17921,unlocked,long,76.84,SIGNAL,77.15,0.4034,10.9,0.6637,0.2603
1782948425.058,18205,unlocked,long,77.61,SIGNAL,77.66,0.0644,4.97,0.1933,0.1288
1782950880.427,18292,unlocked,long,77.35,SIGNAL,77.36,0.0129,1.08,0.0905,0.0776
1782953628.735,18331,unlocked,long,77.28,SIGNAL,78.31,1.3328,39.39,1.3328,0.0
1782959440.405,18449,unlocked,long,78.09,SIGNAL,78.43,0.4354,16.07,0.5122,0.0768
1782962979.914,18526,unlocked,long,78.38,SIGNAL,78.33,-0.0638,0.54,0.0638,0.1276
1782967908.216,18645,unlocked,long,78.34,SL,78.105,-0.3,9.21,0.0638,0.3638
1782975742.657,18800,unlocked,long,77.92,SL,77.6862,-0.3,2.46,0.0128,0.3128
1782990494.34,19622,unlocked,long,81.87,SIGNAL,82.63,0.9283,5.16,0.9649,0.0366
1782993483.081,19823,unlocked,long,82.22,SIGNAL,82.27,0.0608,7.48,0.3041,0.2432
1782996923.384,19954,unlocked,long,81.31,SIGNAL,81.34,0.0369,0.49,0.0738,0.0369
1782999663.081,20030,unlocked,long,81.55,SIGNAL,81.59,0.049,4.46,0.2575,0.2085
1783005911.045,20122,unlocked,long,80.63,SIGNAL,81.02,0.4837,48.71,0.5457,0.062
1783032975.819,20461,unlocked,long,80.81,SIGNAL,80.7,-0.1361,0.8,0.0124,0.1485
1783048849.434,20976,unlocked,long,80.79,SIGNAL,80.88,0.1114,8.2,0.1857,0.0743
1783052920.428,21038,unlocked,long,80.57,SIGNAL,80.7,0.1614,9.72,0.1862,0.0248
1783055918.922,21075,unlocked,long,80.67,SIGNAL,81.1,0.533,20.36,0.6446,0.1116
1783064156.58,21238,unlocked,long,81.21,SIGNAL,81.41,0.2463,15.13,0.2832,0.0369
1783068200.323,21340,unlocked,long,81.43,SIGNAL,81.35,-0.0982,0.05,0.086,0.1842
1783077091.889,21671,unlocked,long,81.5,SIGNAL,81.46,-0.0491,0.06,0.0123,0.0613
1783079828.969,21730,unlocked,long,81.55,SIGNAL,81.63,0.0981,7.12,0.2207,0.1226
1783086470.817,21870,unlocked,long,81.56,SIGNAL,81.55,-0.0123,6.72,0.2943,0.3065
1783088396.223,21938,unlocked,long,81.03,SIGNAL,81.03,0.0,0.38,0.0494,0.0494
1783094765.124,22167,unlocked,long,81.3,SIGNAL,81.25,-0.0615,0.95,0.0,0.0615
1782666906.283,10274,locked,short,71.59,SIGNAL,71.29,0.4191,16.76,0.4749,0.0559
1782736686.043,12249,locked,short,73.74,SIGNAL,73.35,0.5289,7.66,0.7865,0.2577
1782745597.079,12584,locked,short,72.84,SL,73.0585,-0.3,1.88,0.0961,0.3961
1782748030.808,12640,locked,short,73.82,SL,74.0415,-0.3,2.68,0.0406,0.3406
1782826352.845,14642,locked,short,72.06,SL,72.2762,-0.3,0.04,0.0,0.3
1782858688.586,15350,locked,short,73.27,SIGNAL,73.34,-0.0955,6.26,0.0546,0.1501
1782912662.675,17227,locked,short,74.99,SL,75.215,-0.3,0.79,0.1334,0.4334
1783009886.813,20159,locked,short,80.45,SIGNAL,80.51,-0.0746,18.59,0.4475,0.5221
1783059315.259,21145,locked,short,81.07,SIGNAL,81.07,0.0,5.23,0.0493,0.0493
1783065673.764,21281,locked,short,81.17,SIGNAL,81.15,0.0246,8.86,0.1109,0.0862
1783089289.791,21977,locked,short,81.19,SL,81.4336,-0.3,5.74,0.0123,0.3123
1783091558.299,22071,locked,short,81.76,SIGNAL,81.28,0.5871,18.98,0.6972,0.1101
1782661386.023,10086,unlocked,short,71.8,SIGNAL,71.86,-0.0836,1.74,0.0,0.0836
1782666906.283,10274,unlocked,short,71.59,SIGNAL,71.33,0.3632,11.22,0.3771,0.014
1782673700.227,10419,unlocked,short,71.0,SIGNAL,71.0,0.0,1.83,0.0563,0.0563
1782690023.785,10990,unlocked,short,71.6,SIGNAL,71.57,0.0419,5.21,0.2374,0.1955
1782695291.594,11164,unlocked,short,71.45,SIGNAL,71.04,0.5738,21.83,0.7278,0.154
1782736686.043,12249,unlocked,short,73.74,SIGNAL,73.3,0.5967,3.98,0.7865,0.1899
1782740310.043,12404,unlocked,short,73.33,SIGNAL,73.0,0.45,5.12,0.5455,0.0955
1782745597.079,12584,unlocked,short,72.84,SL,73.0585,-0.3,1.88,0.0961,0.3961
1782748030.808,12640,unlocked,short,73.82,SL,74.0415,-0.3,2.68,0.0406,0.3406
1782826352.845,14642,unlocked,short,72.06,SL,72.2762,-0.3,0.04,0.0,0.3
1782828317.666,14775,unlocked,short,73.3,SIGNAL,73.26,0.0546,0.64,0.1774,0.1228
1782858688.586,15350,unlocked,short,73.27,SIGNAL,73.25,0.0273,0.87,0.0546,0.0273
1782870404.474,15959,unlocked,short,73.94,SIGNAL,74.02,-0.1082,1.53,0.0135,0.1217
1782901301.485,16932,unlocked,short,75.46,SIGNAL,74.85,0.8084,41.72,1.0999,0.2915
1782905674.128,17021,unlocked,short,74.82,SIGNAL,74.92,-0.1337,2.94,0.0,0.1337
1782912662.675,17227,unlocked,short,74.99,SIGNAL,74.99,0.0,0.19,0.08,0.08
1782949071.504,18223,unlocked,short,77.56,SIGNAL,77.3,0.3352,11.77,0.4513,0.116
1783009886.813,20159,unlocked,short,80.45,SIGNAL,80.19,0.3232,12.99,0.4475,0.1243
1783059315.259,21145,unlocked,short,81.07,SIGNAL,81.04,0.037,2.02,0.037,0.0
1783065673.764,21281,unlocked,short,81.17,SIGNAL,81.24,-0.0862,4.01,0.0123,0.0986
1783081351.057,21778,unlocked,short,81.28,SIGNAL,81.29,-0.0123,1.25,0.0615,0.0738
1783085359.388,21847,unlocked,short,81.56,SIGNAL,81.4,0.1962,7.99,0.2084,0.0123
1783089289.746,21975,unlocked,short,81.19,SIGNAL,81.33,-0.1724,3.24,0.0246,0.1971
1783091558.299,22071,unlocked,short,81.76,SIGNAL,81.22,0.6605,16.49,0.6972,0.0367
