# S1 geometry grid. Required lift = fee/(TP+SL) (analytic). Rates from the 4-day snapshot (both regimes spent/known) — geometry selection material, NOT edge evidence.
h_min,tp_pct,sl_pct,span_pct,null,res_rate,tpL_res,tpS_res,whip,unres,ambigL,ambigS,be_taker_taker,lift_taker_taker,be_maker_taker,lift_maker_taker,be_maker_maker,lift_maker_maker,payable_mm,ambig_flag
15,0.1,0.05,0.15,33.33,100.0,33.33,32.36,34.3,0.02,3.34,3.37,93.33,60.0,76.67,43.33,60.0,26.67,False,False
15,0.1,0.075,0.17500000000000002,42.86,100.0,42.81,42.14,15.04,0.03,1.64,1.81,94.29,51.43,80.0,37.14,65.71,22.86,False,False
15,0.1,0.1,0.2,50.0,99.9,49.99,49.11,0.89,0.07,0.89,0.89,95.0,45.0,82.5,32.5,70.0,20.0,False,False
15,0.1,0.15,0.25,60.0,99.6,59.41,58.83,0.06,0.37,0.27,0.37,96.0,36.0,86.0,26.0,76.0,16.0,False,False
15,0.1,0.2,0.3,66.67,99.1,65.82,65.01,0.0,0.93,0.09,0.15,96.67,30.0,88.33,21.67,80.0,13.33,False,False
15,0.15,0.05,0.2,25.0,99.9,26.07,25.3,48.54,0.07,1.11,1.25,70.0,45.0,57.5,32.5,45.0,20.0,False,False
15,0.15,0.075,0.22500000000000003,33.33,99.8,34.36,33.68,31.74,0.18,0.54,0.64,73.33,40.0,62.22,28.89,51.11,17.78,False,False
15,0.15,0.1,0.25,40.0,99.6,40.8,40.32,18.52,0.37,0.37,0.27,76.0,36.0,66.0,26.0,56.0,16.0,False,False
15,0.15,0.15,0.3,50.0,98.7,50.01,49.87,0.12,1.25,0.12,0.12,80.0,30.0,71.67,21.67,63.33,13.33,False,False
15,0.15,0.2,0.35000000000000003,57.14,97.4,56.8,56.71,0.0,2.55,0.05,0.06,82.86,25.71,75.71,18.57,68.57,11.43,False,False
15,0.2,0.05,0.25,20.0,99.8,21.24,20.45,57.97,0.22,0.44,0.41,56.0,36.0,46.0,26.0,36.0,16.0,False,False
15,0.2,0.075,0.27499999999999997,27.27,99.5,28.84,27.94,42.52,0.5,0.26,0.2,60.0,32.73,50.91,23.64,41.82,14.55,False,False
15,0.2,0.1,0.3,33.33,99.1,34.84,34.09,29.93,0.93,0.15,0.09,63.33,30.0,55.0,21.67,46.67,13.33,False,False
15,0.2,0.15,0.35000000000000003,42.86,97.4,43.23,43.15,11.97,2.55,0.06,0.05,68.57,25.71,61.43,18.57,54.29,11.43,False,False
15,0.2,0.2,0.4,50.0,95.3,50.06,49.94,0.0,4.69,0.0,0.0,72.5,22.5,66.25,16.25,60.0,10.0,True,False
15,0.25,0.05,0.3,16.67,99.5,18.23,17.18,63.76,0.51,0.18,0.15,46.67,30.0,38.33,21.67,30.0,13.33,False,False
15,0.25,0.075,0.325,23.08,98.9,24.94,23.84,49.57,1.11,0.11,0.08,50.77,27.69,43.08,20.0,35.38,12.31,False,False
15,0.25,0.1,0.35000000000000003,28.57,98.1,30.02,29.49,37.9,1.9,0.07,0.04,54.29,25.71,47.14,18.57,40.0,11.43,False,False
15,0.25,0.15,0.4,37.5,95.7,37.91,37.82,20.16,4.31,0.01,0.01,60.0,22.5,53.75,16.25,47.5,10.0,True,False
15,0.25,0.2,0.45000000000000007,44.44,92.8,44.69,44.03,7.99,7.16,0.01,0.0,64.44,20.0,58.89,14.44,53.33,8.89,True,False
15,0.3,0.05,0.35000000000000003,14.29,98.9,15.44,14.64,68.15,1.05,0.08,0.09,40.0,25.71,32.86,18.57,25.71,11.43,False,False
15,0.3,0.075,0.375,20.0,97.8,21.29,20.22,55.1,2.15,0.03,0.06,44.0,24.0,37.33,17.33,30.67,10.67,False,False
15,0.3,0.1,0.4,25.0,96.7,26.14,25.3,43.73,3.3,0.02,0.02,47.5,22.5,41.25,16.25,35.0,10.0,True,False
15,0.3,0.15,0.45000000000000007,33.33,93.4,33.56,32.94,26.01,6.55,0.01,0.0,53.33,20.0,47.78,14.44,42.22,8.89,True,False
15,0.3,0.2,0.5,40.0,89.8,40.13,38.63,13.54,10.21,0.0,0.0,58.0,18.0,53.0,13.0,48.0,8.0,True,False
30,0.1,0.05,0.15,33.33,100.0,33.33,32.36,34.3,0.02,3.34,3.37,93.33,60.0,76.67,43.33,60.0,26.67,False,False
30,0.1,0.075,0.17500000000000002,42.86,100.0,42.81,42.14,15.04,0.03,1.64,1.81,94.29,51.43,80.0,37.14,65.71,22.86,False,False
30,0.1,0.1,0.2,50.0,100.0,50.01,49.1,0.89,0.03,0.89,0.89,95.0,45.0,82.5,32.5,70.0,20.0,False,False
30,0.1,0.15,0.25,60.0,99.9,59.39,58.76,0.06,0.06,0.27,0.37,96.0,36.0,86.0,26.0,76.0,16.0,False,False
30,0.1,0.2,0.3,66.67,99.9,65.8,64.93,0.0,0.11,0.09,0.15,96.67,30.0,88.33,21.67,80.0,13.33,False,False
30,0.15,0.05,0.2,25.0,100.0,26.12,25.32,48.54,0.03,1.11,1.25,70.0,45.0,57.5,32.5,45.0,20.0,False,False
30,0.15,0.075,0.22500000000000003,33.33,100.0,34.44,33.68,31.85,0.04,0.54,0.64,73.33,40.0,62.22,28.89,51.11,17.78,False,False
30,0.15,0.1,0.25,40.0,99.9,40.87,40.34,18.76,0.06,0.37,0.27,76.0,36.0,66.0,26.0,56.0,16.0,False,False
30,0.15,0.15,0.3,50.0,99.9,50.06,49.82,0.12,0.13,0.12,0.12,80.0,30.0,71.67,21.67,63.33,13.33,False,False
30,0.15,0.2,0.35000000000000003,57.14,99.7,56.79,56.69,0.0,0.32,0.05,0.06,82.86,25.71,75.71,18.57,68.57,11.43,False,False
30,0.2,0.05,0.25,20.0,100.0,21.31,20.46,58.18,0.04,0.44,0.41,56.0,36.0,46.0,26.0,36.0,16.0,False,False
30,0.2,0.075,0.27499999999999997,27.27,99.9,28.91,27.95,43.06,0.07,0.26,0.2,60.0,32.73,50.91,23.64,41.82,14.55,False,False
30,0.2,0.1,0.3,33.33,99.9,34.92,34.11,30.86,0.11,0.15,0.09,63.33,30.0,55.0,21.67,46.67,13.33,False,False
30,0.2,0.15,0.35000000000000003,42.86,99.7,43.25,43.16,13.36,0.32,0.06,0.05,68.57,25.71,61.43,18.57,54.29,11.43,False,False
30,0.2,0.2,0.4,50.0,99.2,50.04,49.96,0.0,0.76,0.0,0.0,72.5,22.5,66.25,16.25,60.0,10.0,True,False
30,0.25,0.05,0.3,16.67,99.9,18.39,17.24,64.23,0.09,0.18,0.15,46.67,30.0,38.33,21.67,30.0,13.33,False,False
30,0.25,0.075,0.325,23.08,99.8,25.12,23.97,50.62,0.21,0.11,0.08,50.77,27.69,43.08,20.0,35.38,12.31,False,False
30,0.25,0.1,0.35000000000000003,28.57,99.7,30.23,29.67,39.65,0.34,0.07,0.04,54.29,25.71,47.14,18.57,40.0,11.43,False,False
30,0.25,0.15,0.4,37.5,99.3,38.11,38.12,23.0,0.73,0.01,0.01,60.0,22.5,53.75,16.25,47.5,10.0,True,False
30,0.25,0.2,0.45000000000000007,44.44,98.5,44.8,44.35,9.98,1.47,0.01,0.0,64.44,20.0,58.89,14.44,53.33,8.89,True,False
30,0.3,0.05,0.35000000000000003,14.29,99.8,15.64,14.88,69.15,0.2,0.08,0.09,40.0,25.71,32.86,18.57,25.71,11.43,False,False
30,0.3,0.075,0.375,20.0,99.6,21.57,20.72,57.09,0.41,0.03,0.06,44.0,24.0,37.33,17.33,30.67,10.67,False,False
30,0.3,0.1,0.4,25.0,99.4,26.46,26.01,46.64,0.62,0.02,0.02,47.5,22.5,41.25,16.25,35.0,10.0,True,False
30,0.3,0.15,0.45000000000000007,33.33,98.6,33.94,33.75,30.64,1.36,0.01,0.0,53.33,20.0,47.78,14.44,42.22,8.89,True,False
30,0.3,0.2,0.5,40.0,97.5,40.48,39.52,17.79,2.47,0.0,0.0,58.0,18.0,53.0,13.0,48.0,8.0,True,False
60,0.1,0.05,0.15,33.33,100.0,33.33,32.36,34.3,0.02,3.34,3.37,93.33,60.0,76.67,43.33,60.0,26.67,False,False
60,0.1,0.075,0.17500000000000002,42.86,100.0,42.81,42.14,15.04,0.03,1.64,1.81,94.29,51.43,80.0,37.14,65.71,22.86,False,False
60,0.1,0.1,0.2,50.0,100.0,50.01,49.1,0.89,0.03,0.89,0.89,95.0,45.0,82.5,32.5,70.0,20.0,False,False
60,0.1,0.15,0.25,60.0,100.0,59.4,58.76,0.06,0.04,0.27,0.37,96.0,36.0,86.0,26.0,76.0,16.0,False,False
60,0.1,0.2,0.3,66.67,100.0,65.8,64.91,0.0,0.05,0.09,0.15,96.67,30.0,88.33,21.67,80.0,13.33,False,False
60,0.15,0.05,0.2,25.0,100.0,26.12,25.32,48.54,0.03,1.11,1.25,70.0,45.0,57.5,32.5,45.0,20.0,False,False
60,0.15,0.075,0.22500000000000003,33.33,100.0,34.44,33.68,31.86,0.04,0.54,0.64,73.33,40.0,62.22,28.89,51.11,17.78,False,False
60,0.15,0.1,0.25,40.0,100.0,40.87,40.33,18.78,0.04,0.37,0.27,76.0,36.0,66.0,26.0,56.0,16.0,False,False
60,0.15,0.15,0.3,50.0,99.9,50.07,49.81,0.12,0.05,0.12,0.12,80.0,30.0,71.67,21.67,63.33,13.33,False,False
60,0.15,0.2,0.35000000000000003,57.14,99.9,56.78,56.61,0.0,0.06,0.05,0.06,82.86,25.71,75.71,18.57,68.57,11.43,False,False
60,0.2,0.05,0.25,20.0,100.0,21.31,20.46,58.2,0.03,0.44,0.41,56.0,36.0,46.0,26.0,36.0,16.0,False,False
60,0.2,0.075,0.27499999999999997,27.27,100.0,28.91,27.94,43.11,0.04,0.26,0.2,60.0,32.73,50.91,23.64,41.82,14.55,False,False
60,0.2,0.1,0.3,33.33,100.0,34.94,34.11,30.92,0.05,0.15,0.09,63.33,30.0,55.0,21.67,46.67,13.33,False,False
60,0.2,0.15,0.35000000000000003,42.86,99.9,43.33,43.16,13.49,0.06,0.06,0.05,68.57,25.71,61.43,18.57,54.29,11.43,False,False
60,0.2,0.2,0.4,50.0,99.9,50.04,49.96,0.0,0.06,0.0,0.0,72.5,22.5,66.25,16.25,60.0,10.0,True,False
60,0.25,0.05,0.3,16.67,100.0,18.44,17.24,64.27,0.03,0.18,0.15,46.67,30.0,38.33,21.67,30.0,13.33,False,False
60,0.25,0.075,0.325,23.08,99.9,25.22,23.97,50.76,0.05,0.11,0.08,50.77,27.69,43.08,20.0,35.38,12.31,False,False
60,0.25,0.1,0.35000000000000003,28.57,99.9,30.37,29.68,39.9,0.06,0.07,0.04,54.29,25.71,47.14,18.57,40.0,11.43,False,False
60,0.25,0.15,0.4,37.5,99.9,38.29,38.2,23.48,0.07,0.01,0.01,60.0,22.5,53.75,16.25,47.5,10.0,True,False
60,0.25,0.2,0.45000000000000007,44.44,99.9,44.87,44.52,10.59,0.08,0.01,0.0,64.44,20.0,58.89,14.44,53.33,8.89,True,False
60,0.3,0.05,0.35000000000000003,14.29,100.0,15.76,14.9,69.3,0.03,0.08,0.09,40.0,25.71,32.86,18.57,25.71,11.43,False,False
60,0.3,0.075,0.375,20.0,99.9,21.73,20.76,57.45,0.05,0.03,0.06,44.0,24.0,37.33,17.33,30.67,10.67,False,False
60,0.3,0.1,0.4,25.0,99.9,26.67,26.11,47.17,0.06,0.02,0.02,47.5,22.5,41.25,16.25,35.0,10.0,True,False
60,0.3,0.15,0.45000000000000007,33.33,99.9,34.22,33.98,31.75,0.07,0.01,0.0,53.33,20.0,47.78,14.44,42.22,8.89,True,False
60,0.3,0.2,0.5,40.0,99.8,40.56,39.94,19.32,0.2,0.0,0.0,58.0,18.0,53.0,13.0,48.0,8.0,True,False
