# FROZEN weights — exam v2 STEP 1A. The exam uses these tables VERBATIM; no re-tuning.
# raw_strength = Sum_bins (n_bin/n_total)*|TP%_bin - baseline|; bins n<100 -> 0; sz on sz-present rows; duplicate-value columns deduped (11 aliases folded). Discovery slice; HOLDOUT SEALED.
variant,direction,rank,feature_code,plain_name,flag,weight,cumulative_weight,effect_pp,n,deduped_aliases
W-ALL,long,1,E32.07,Percentile vs history,,0.0160,0.0160,18.4,6645,
W-ALL,long,2,E31.01,Current level,tempo,0.0153,0.0313,24.8,6797,
W-ALL,long,3,E04.01,"Gap vs prior close: size, sign, gap-in-ticks",level,0.0144,0.0457,-15.6,6869,E04.08
W-ALL,long,4,E04.09,Log return open->close,level,0.0144,0.0601,-15.6,6869,
W-ALL,long,5,K.02,KC upper band (mid + 2.0 x ATR-20),level,0.0142,0.0743,-15.1,6865,
W-ALL,long,6,E09.01,POC round-number proximity,level,0.0141,0.0884,-15.6,6869,
W-ALL,long,7,B-S.02,Selection wall-clock duration,tempo,0.0139,0.1023,-19.6,6869,
W-ALL,long,8,K.01,KC middle line value at entry (EMA-20 of close),level,0.0138,0.1161,-14.9,6865,
W-ALL,long,9,K.10,Rolling-POC baseline value (240-bucket window POC),level,0.0137,0.1298,-17.4,6646,
W-ALL,long,10,K.03,KC lower band (mid - 2.0 x ATR-20),level,0.0135,0.1434,-14.6,6865,
W-ALL,long,11,E51.07,z / percentile of large share,,0.0132,0.1565,6.0,2270,
W-ALL,long,12,E11.05,Above/below-mean volume streak,tempo,0.0119,0.1684,17.1,6855,
W-ALL,long,13,E51.08,Large-share streak,,0.0118,0.1802,3.9,2270,
W-ALL,long,14,E51.01,Volume per bin (vector feature),,0.0107,0.1909,-12.2,2300,
W-ALL,long,15,E11.02,Volume percentile / z vs trailing window,tempo,0.0105,0.2014,15.3,6855,
W-ALL,long,16,E48.06,Day-rank,,0.0102,0.2116,-13.4,6866,
W-ALL,long,17,E11.09,Day-rank of the bucket's volume,tempo,0.0102,0.2217,15.4,6866,
W-ALL,long,18,E01.01,UTC hour-of-day (0-23),,0.0101,0.2319,3.6,6869,
W-ALL,long,19,E02.01,UTC hour-of-day at close,,0.0101,0.2420,3.6,6869,
W-ALL,long,20,E50.09,Large-count streak,,0.0100,0.2520,5.9,2270,
W-ALL,long,21,E31.02,Slope over trailing window (regime drift),tempo,0.0100,0.2620,-8.7,6579,
W-ALL,long,22,E49.05,Percentile of total fraction,,0.0097,0.2717,-10.6,6645,
W-ALL,long,23,E29.01,Raw units/s / log pace,tempo,0.0095,0.2811,14.0,6797,
W-ALL,long,24,G08.1,vel = volume/second and Speed multiple (canonical),tempo,0.0095,0.2906,14.0,6797,
W-ALL,long,25,E47.02,z / percentile vs window,,0.0093,0.2999,0.6,6855,
W-ALL,long,26,B-S.13,Average VEL + Speed multiple,tempo,0.0093,0.3092,14.1,6869,
W-ALL,long,27,E50.08,Large-count percentile vs window,,0.0090,0.3182,5.2,2299,
W-ALL,long,28,E50.01,Counts per bin (vector feature),,0.0090,0.3272,-6.3,2300,
W-ALL,long,29,E52.01,large-order net side (APPROX fixed-273c),,0.0089,0.3361,5.2,2300,
W-ALL,long,30,E48.02,z / percentile,,0.0088,0.3449,-4.3,6855,
W-ALL,long,31,K.09,Squeeze flag: bandwidth in bottom percentile,,0.0088,0.3537,12.7,6645,
W-ALL,long,32,E09.09,POC percentile within the day's range,level,0.0082,0.3618,-5.9,6645,
W-ALL,long,33,K.11,Close vs POC baseline: side + distance,,0.0080,0.3698,1.6,6646,
W-ALL,long,34,C.05,Max drawup and drawdown within the 15,,0.0079,0.3778,9.3,6869,
W-ALL,long,35,E11.01,Overshoot ratio: curr_vol / target_vol (last-print spillover),tempo,0.0077,0.3854,2.1,6869,
W-ALL,long,36,E11.03,Log volume,tempo,0.0077,0.3931,2.1,6869,
W-ALL,long,37,K.04,Bandwidth: (upper - lower) / mid,,0.0075,0.4006,13.5,6865,
W-ALL,long,38,E03.01,Raw seconds / log-duration,,0.0074,0.4080,-10.7,6869,G01.1
W-ALL,long,39,B-S.07,Sum OpL,,0.0074,0.4154,-0.1,6869,
W-ALL,long,40,B-S.10,Sum ClS,,0.0074,0.4228,0.5,6869,
W-ALL,long,41,B-P1.03,Spread: bull% - bear%,,0.0074,0.4302,-6.6,6869,
W-ALL,long,42,E32.01,Current size,,0.0074,0.4375,2.2,6869,
W-ALL,long,43,E42.01,Traded-level count,,0.0072,0.4447,9.4,6869,E45.01
W-ALL,long,44,E03.08,Duration acceleration: ratio vs prior bucket,,0.0072,0.4519,0.1,6869,
W-ALL,long,45,E05.01,Absolute range / range in ticks,,0.0071,0.4590,9.3,6869,
W-ALL,long,46,E47.05,Liq-short streak,,0.0069,0.4659,13.6,6855,
W-ALL,long,47,E19.02,z / percentile,,0.0069,0.4728,4.1,6855,
W-ALL,long,48,B-S.03,Total volume,,0.0065,0.4794,3.2,6869,
W-ALL,long,49,B-P4.04,Opposite side's percentage,,0.0065,0.4859,-9.1,6869,
W-ALL,long,50,B-P1.06,Absolute bear V*s over the selection,,0.0065,0.4925,11.8,6869,
W-ALL,long,51,B-S.08,Sum OpS,,0.0064,0.4989,3.2,6869,
W-ALL,long,52,K.08,Channel slope (mid-line drift over N buckets),,0.0063,0.5052,4.7,6865,
W-ALL,long,53,B-P1.02,Bear absorption percentage (badge),,0.0062,0.5113,4.5,6869,
W-ALL,long,54,E47.06,Day-rank,,0.0062,0.5175,-2.0,6866,
W-ALL,long,55,B-P1.01,Bull absorption percentage (badge),,0.0061,0.5237,-4.4,6869,
W-ALL,long,56,E57.03,Depth percentile vs window,,0.0061,0.5297,-5.6,6610,
W-ALL,long,57,E48.05,Liq-long streak,,0.0060,0.5357,-11.0,6855,
W-ALL,long,58,C.06,Realized volatility of the 15,,0.0060,0.5417,11.4,6869,
W-ALL,long,59,E20.01,churn / vol fraction,,0.0059,0.5477,3.9,6869,
W-ALL,long,60,E38.03,Day-rank,,0.0055,0.5532,0.3,6866,
W-ALL,long,61,B-P4.10,Crossover-diamond count in the selection,,0.0054,0.5585,12.1,6869,
W-ALL,long,62,E20.07,Day-rank of churn,,0.0054,0.5639,10.8,6866,
W-ALL,long,63,E29.05,Pace acceleration,tempo,0.0053,0.5693,0.1,6683,
W-ALL,long,64,E25.01,Raw dispersion (ticks),,0.0052,0.5745,7.3,6869,
W-ALL,long,65,E32.03,Slope of target over the day,,0.0049,0.5793,4.2,6869,
W-ALL,long,66,E12.01,Buy share: buy_vol / curr_vol,,0.0048,0.5841,4.4,6869,
W-ALL,long,67,E12.08,Log buy volume,,0.0048,0.5890,4.4,6869,
W-ALL,long,68,B-S.09,Sum ClL,,0.0048,0.5938,-3.8,6869,
W-ALL,long,69,E54.05,Tier-dwell streak,,0.0047,0.5985,1.7,6855,
W-ALL,long,70,B-P2.08,Trajectory slope across the selection,,0.0047,0.6033,-0.7,6869,
W-ALL,long,71,E12.06,Day-rank of buy volume,,0.0047,0.6080,6.9,6866,
W-ALL,long,72,E08.01,Upper wick size / lower wick size (ticks),,0.0047,0.6126,8.3,6834,
W-ALL,long,73,E18.02,z / percentile,,0.0046,0.6172,3.6,6855,
W-ALL,long,74,B-S.14,Selection range + net price change %,,0.0046,0.6217,5.6,6869,
W-ALL,long,75,B-S.06,Net dOI,,0.0046,0.6263,7.0,6869,
W-ALL,long,76,C.03,Linear-fit slope + R-squared (trendiness),,0.0046,0.6309,4.2,6869,
W-ALL,long,77,E45.02,Dispersion percentile vs window,,0.0045,0.6354,5.6,6645,
W-ALL,long,78,E05.02,Range percentile vs trailing 30/240,,0.0045,0.6399,6.4,6645,
W-ALL,long,79,B-P1.05,Absolute bull V*s over the selection,,0.0045,0.6445,4.0,6869,
W-ALL,long,80,C.10,Cumulative dOI over the 15,,0.0044,0.6489,7.0,6869,
W-ALL,long,81,B-P3.06,Aggregate seller multiple vs baseline,,0.0043,0.6532,-4.4,6869,B-S.12
W-ALL,long,82,B-P2.07,Sum: eff-agg share of selection volume,,0.0043,0.6575,-5.8,6869,
W-ALL,long,83,E31.04,Percentile vs the day,tempo,0.0043,0.6618,6.6,6573,
W-ALL,long,84,B-P2.02,Bear eff-agg percentage (badge),,0.0041,0.6659,-7.7,6869,
W-ALL,long,85,B-P2.01,Bull eff-agg percentage (badge),,0.0041,0.6700,7.7,6869,
W-ALL,long,86,E37.02,Percentile / z vs window,,0.0040,0.6740,-3.7,6855,
W-ALL,long,87,E08.08,Wick percentile vs trailing window,,0.0039,0.6779,5.1,6610,
W-ALL,long,88,B-P4.09,Peak gated score + its bucket position,,0.0039,0.6818,-3.1,6869,
W-ALL,long,89,C.02,Net % change over the 15,,0.0039,0.6856,4.9,6869,
W-ALL,long,90,C.08,Dominant 12-state verdict over the 15,,0.0038,0.6895,19.4,6869,
W-ALL,long,91,B-P1.10,Validated-dot (s>=0.60) count in selection,,0.0038,0.6933,-1.5,6869,
W-ALL,long,92,K.05,"Entry close position inside the channel, 0..1",,0.0037,0.6970,3.8,6865,
W-ALL,long,93,B-P3.07,Hot-bucket count (>=1.5x) in selection,,0.0037,0.7007,1.0,6869,
W-ALL,long,94,B-P2.04,Dominant side label,,0.0036,0.7043,3.8,6869,
W-ALL,long,95,E54.03,z / percentile vs trailing 240,,0.0036,0.7080,-4.6,6855,
W-ALL,long,96,E28.01,Raw multiple,,0.0036,0.7116,-5.0,6869,
W-ALL,long,97,C.11,Compression share (buckets under 0.6 ATR),,0.0035,0.7150,3.7,6869,
W-ALL,long,98,E29.02,Percentile / z vs trailing window,tempo,0.0035,0.7185,1.6,5454,
W-ALL,long,99,E54.01,Current value,,0.0034,0.7220,4.7,6869,
W-ALL,long,100,E43.01,POC share of curr_vol,,0.0034,0.7254,-4.9,6869,
W-ALL,long,101,K.07,Distance to nearest band (ticks and ATRs),,0.0034,0.7288,-5.7,6865,
W-ALL,long,102,B-P4.01,Current exhaustion value (badge),,0.0034,0.7321,-6.8,6869,B-P4.03
W-ALL,long,103,E03.07,Fast/slow STREAK length (consecutive buckets same class),,0.0034,0.7355,3.6,6855,
W-ALL,long,104,B-P2.05,Absolute bull V*(1-s) over the selection,,0.0033,0.7388,4.8,6869,
W-ALL,long,105,E28.05,Percentile / z vs window,,0.0033,0.7421,2.8,6855,
W-ALL,long,106,B-P4.05,Spread between the two sides,,0.0033,0.7454,-6.4,6869,
W-ALL,long,107,E21.10,Day-rank of |dOI|,,0.0033,0.7487,3.6,6866,
W-ALL,long,108,B-P3.02,Seller-side percentage (badge),,0.0033,0.7520,-5.2,6869,
W-ALL,long,109,B-P3.04,Dominant side label,,0.0032,0.7552,3.4,6869,
W-ALL,long,110,B-P3.01,Buyer-side percentage (badge),,0.0032,0.7585,5.1,6869,
W-ALL,long,111,E13.06,Day-rank of sell volume,,0.0032,0.7617,3.9,6866,
W-ALL,long,112,E28.09,Day-rank of speed,,0.0032,0.7648,-4.0,6866,
W-ALL,long,113,E45.06,Fat/thin streak,,0.0031,0.7680,3.8,6855,
W-ALL,long,114,E25.02,Percentile / z vs window,,0.0031,0.7711,1.3,6855,
W-ALL,long,115,E17.08,opS acceleration,,0.0031,0.7742,2.0,6869,
W-ALL,long,116,E24.02,z vs trailing-30,,0.0030,0.7772,-1.1,6855,
W-ALL,long,117,E05.07,Expanding/contracting range STREAK,,0.0030,0.7801,3.7,6855,
W-ALL,long,118,E20.08,Churn acceleration,,0.0029,0.7831,-1.0,6869,
W-ALL,long,119,E03.03,Duration z-score vs trailing window,,0.0029,0.7859,5.1,6855,
W-ALL,long,120,E37.06,Absorption acceleration,,0.0028,0.7888,0.4,6869,
W-ALL,long,121,E25.06,Narrow/wide streak,,0.0028,0.7915,3.1,6855,
W-ALL,long,122,E23.02,z vs trailing-30 (the baseline convention),,0.0028,0.7943,-0.2,6855,
W-ALL,long,123,E28.07,Speed acceleration vs prior,,0.0027,0.7970,-1.7,6869,
W-ALL,long,124,E19.01,clS / vol fraction,,0.0027,0.7998,-1.1,6869,
W-ALL,long,125,B-P2.06,Absolute bear V*(1-s) over the selection,,0.0027,0.8025,-2.7,6869,
W-ALL,long,126,C.09,Cumulative delta over the 15,,0.0027,0.8052,3.9,6869,
W-ALL,long,127,E43.10,Day-rank of POC share,,0.0026,0.8078,-5.2,6866,
W-ALL,long,128,E29.04,Pace streak,tempo,0.0026,0.8104,2.1,5454,
W-ALL,long,129,E12.03,Buy-dominance streak (share > 0.5),,0.0026,0.8130,4.6,6855,
W-ALL,long,130,E13.01,Sell share: sell_vol / curr_vol,,0.0026,0.8156,3.0,6869,
W-ALL,long,131,E13.08,Log sell volume,,0.0026,0.8183,3.0,6869,
W-ALL,long,132,C.01,Direction over the 15: net UP or DOWN,,0.0026,0.8209,10.0,6869,
W-ALL,long,133,E24.09,Day-rank,,0.0026,0.8234,-1.0,6866,
W-ALL,long,134,E06.02,Log return of the body,,0.0025,0.8260,2.2,6869,
W-ALL,long,135,B-P2.10,Dominance-flip count across the selection,,0.0025,0.8285,-4.4,6869,
W-ALL,long,136,E21.01,Sign: BUILD vs DRAIN,,0.0025,0.8310,3.3,6869,
W-ALL,long,137,E18.04,clL streak (sustained unwind),,0.0025,0.8336,-3.0,6855,
W-ALL,long,138,E06.01,Sign (direction) and magnitude,,0.0025,0.8360,3.2,6869,E06.10
W-ALL,long,139,E37.05,Absorption streak per side,,0.0024,0.8384,0.2,6855,
W-ALL,long,140,E20.03,z / percentile,,0.0024,0.8409,-0.2,6855,
W-ALL,long,141,E28.06,Speed streak (consecutive > 1x),,0.0024,0.8432,-1.0,6855,
W-ALL,long,142,E33.01,Buyer multiplier / seller multiplier values,,0.0024,0.8456,-3.2,6869,
W-ALL,long,143,E24.04,Percentile,,0.0023,0.8479,-1.0,6645,
W-ALL,long,144,E20.04,High-churn streak,,0.0023,0.8502,2.7,6855,
W-ALL,long,145,E55.09,Percentile-window fill health,,0.0023,0.8525,-2.0,6644,
W-ALL,long,146,E38.01,Absolute eff-agg + side,,0.0023,0.8548,0.9,6869,
W-ALL,long,147,E24.06,Hot streak,,0.0023,0.8571,-3.9,6855,
W-ALL,long,148,E23.04,Percentile vs window,,0.0022,0.8593,2.7,6645,
W-ALL,long,149,E36.04,High-s streak,,0.0022,0.8615,-0.7,6855,
W-ALL,long,150,E13.03,Sell-dominance streak,,0.0022,0.8638,-2.1,6855,
W-ALL,long,151,E16.01,opL / vol fraction,,0.0022,0.8659,1.9,6869,
W-ALL,long,152,B-P3.05,Aggregate buyer multiple vs trailing baseline,,0.0021,0.8681,3.1,6869,B-S.11
W-ALL,long,153,B-P1.08,Trajectory slope across the selection,,0.0021,0.8702,-1.7,6869,
W-ALL,long,154,E14.04,Same-sign delta streak (pressure persistence),,0.0021,0.8723,3.5,6855,
W-ALL,long,155,B-P1.07,Sum: absorbed share of selection volume,,0.0021,0.8745,2.8,6869,
W-ALL,long,156,E03.02,Duration percentile vs trailing 30 and 240 buckets,,0.0021,0.8766,2.5,6645,
W-ALL,long,157,E16.06,Day-rank of opL,,0.0021,0.8787,3.9,6866,
W-ALL,long,158,E17.02,z-score / percentile,,0.0021,0.8807,3.0,6855,
W-ALL,long,159,E39.04,Consecutive-dot streak,,0.0021,0.8828,-4.0,6855,
W-ALL,long,160,E36.03,Percentile / z vs window,,0.0020,0.8848,-1.9,6855,
W-ALL,long,161,E54.04,Slope over last N buckets,,0.0020,0.8868,-2.9,6869,
W-ALL,long,162,B-S.05,Net delta + delta percentage,,0.0020,0.8888,3.6,6869,
W-ALL,long,163,E18.01,clL / vol fraction,,0.0020,0.8908,-1.4,6869,
W-ALL,long,164,E33.05,Percentile of each vs day,,0.0020,0.8928,-2.6,6645,
W-ALL,long,165,E45.05,z-score of dispersion,,0.0020,0.8947,3.8,6855,
W-ALL,long,166,E17.01,opS / vol fraction,,0.0019,0.8966,2.3,6869,
W-ALL,long,167,E06.04,Same-direction streak length,,0.0019,0.8985,5.2,6855,
W-ALL,long,168,E17.06,Day-rank of opS,,0.0019,0.9004,2.1,6866,
W-ALL,long,169,E23.01,Raw value / log value,,0.0019,0.9023,-0.7,6869,
W-ALL,long,170,G06.1,Net OI change + open:close ratio,,0.0019,0.9042,2.7,6869,
W-ALL,long,171,C.07,Higher-highs / lower-lows counts,,0.0019,0.9060,1.2,6869,
W-ALL,long,172,B-P3.10,Entry-bucket raw value,,0.0018,0.9079,1.4,6869,
W-ALL,long,173,E05.03,Range z-score,,0.0018,0.9097,3.6,6855,
W-ALL,long,174,E14.09,Day-rank of abs(delta),,0.0018,0.9115,2.4,6866,
W-ALL,long,175,E12.02,Buy z-score / percentile vs trailing window,,0.0018,0.9133,1.2,6855,
W-ALL,long,176,E16.04,opL streak (persistent long initiative),,0.0018,0.9151,4.0,6855,
W-ALL,long,177,E15.04,Percentile / z vs window,,0.0018,0.9169,-1.2,6855,
W-ALL,long,178,G04.1,Price moved per net contract (efficiency of aggression),,0.0018,0.9187,-0.2,6869,
W-ALL,long,179,E17.04,opS streak,,0.0018,0.9204,4.2,6855,
W-ALL,long,180,E06.03,Body percentile / z-score vs window,,0.0017,0.9221,1.1,6855,
W-ALL,long,181,E10.04,Percentile vs trailing window,,0.0017,0.9239,-1.9,6610,
W-ALL,long,182,E24.01,Raw value / log value,,0.0017,0.9256,-2.3,6869,
W-ALL,long,183,B-P3.09,Peak-E/R bucket position,,0.0017,0.9273,-0.1,6869,
W-ALL,long,184,E23.09,Day-rank of buyer effort,,0.0017,0.9290,2.0,6866,
W-ALL,long,185,E43.02,Percentile / z of the share,,0.0017,0.9307,0.0,6855,
W-ALL,long,186,E37.03,Day-rank of absorbed volume,,0.0017,0.9324,-0.3,6866,
W-ALL,long,187,E36.05,s slope over last 5 buckets,,0.0017,0.9341,-1.2,6869,
W-ALL,long,188,E10.01,Raw 0..1 position,,0.0017,0.9358,-1.2,6834,G10.1
W-ALL,long,189,E56.01,ATR value,,0.0017,0.9374,3.0,6855,
W-ALL,long,190,E56.05,ATR slope (vol regime drift),,0.0016,0.9390,-0.4,6851,
W-ALL,long,191,C.12,Sweep-event count in the 15,,0.0016,0.9407,3.4,6869,
W-ALL,long,192,G03.1,delta and delta fraction (the canonical pair),,0.0016,0.9423,1.9,6869,
W-ALL,long,193,E24.08,Effort acceleration,,0.0016,0.9439,0.2,6869,
W-ALL,long,194,E33.06,Slope over the selection window,,0.0016,0.9455,-1.1,6869,
W-ALL,long,195,E57.01,Swept prior HIGH (Y/N) / swept prior LOW (Y/N),,0.0016,0.9470,2.3,6834,
W-ALL,long,196,E14.01,Sign and magnitude,,0.0016,0.9486,1.6,6869,
W-ALL,long,197,B-P3.03,Spread: buyer% - seller%,,0.0016,0.9502,-2.0,6869,
W-ALL,long,198,E16.02,z-score / percentile vs window,,0.0015,0.9517,2.3,6855,
W-ALL,long,199,B-P1.09,Peak-absorption bucket position (0..15),,0.0015,0.9533,2.1,6869,
W-ALL,long,200,E56.06,ATR percentile vs day,,0.0015,0.9548,2.0,6645,
W-ALL,long,201,E07.01,Raw fraction 0..1,,0.0015,0.9563,-1.9,6834,G02.1
W-ALL,long,202,E07.05,Trend-bar streak length,,0.0015,0.9578,-3.1,6104,
W-ALL,long,203,E13.02,Sell z-score / percentile,,0.0015,0.9593,-0.4,6855,
W-ALL,long,204,E13.10,Sell-share slope over trailing 5 buckets,,0.0015,0.9607,-1.9,6869,
W-ALL,long,205,E21.04,BUILD streak / DRAIN streak lengths,,0.0014,0.9622,2.3,6855,
W-ALL,long,206,E10.07,Persistently-high/low POC streak,,0.0014,0.9636,0.4,6104,
W-ALL,long,207,B-P1.04,Dominant side label,,0.0014,0.9650,1.5,6869,
W-ALL,long,208,E18.08,Day-rank of clL,,0.0014,0.9664,-0.1,6866,
W-ALL,long,209,E43.05,Dominant-POC streak,,0.0014,0.9678,-1.8,6855,
W-ALL,long,210,E60.01,State label (categorical) + one-hot vector,,0.0014,0.9691,6.7,6869,E62.01
W-ALL,long,211,E12.10,Buy-share slope over trailing 5 buckets,,0.0014,0.9705,1.7,6869,
W-ALL,long,212,E18.07,clL acceleration,,0.0014,0.9718,-0.7,6869,
W-ALL,long,213,E14.03,Delta z-score / percentile,,0.0014,0.9732,0.9,6855,
W-ALL,long,214,B-P2.09,Peak eff-agg bucket position,,0.0013,0.9745,0.8,6869,
W-ALL,long,215,E14.06,Delta acceleration (this vs prior magnitude),,0.0013,0.9759,-1.1,6869,
W-ALL,long,216,E15.05,One-sidedness streak,,0.0013,0.9771,-1.5,6855,
W-ALL,long,217,B-P2.11,Entry-bucket raw value,,0.0012,0.9784,1.4,6869,
W-ALL,long,218,E54.02,Tier: calm / warn / toxic (adaptive percentiles),,0.0012,0.9796,1.7,6645,E55.01
W-ALL,long,219,E16.08,opL acceleration vs prior bucket,,0.0011,0.9807,0.4,6869,
W-ALL,long,220,B-P4.02,LAST EXHAUSTED SIDE (bull / bear),,0.0011,0.9818,1.2,6869,
W-ALL,long,221,B-P2.03,Spread: bull% - bear%,,0.0011,0.9829,-0.4,6869,
W-ALL,long,222,E22.01,OPEN_OI ramp value (0.10-0.50),,0.0011,0.9841,0.3,6869,
W-ALL,long,223,E15.01,Raw fraction,,0.0011,0.9851,-0.2,6869,
W-ALL,long,224,E23.08,Effort acceleration vs prior,,0.0011,0.9862,-1.3,6869,
W-ALL,long,225,E21.03,z / percentile,,0.0010,0.9872,0.4,6855,
W-ALL,long,226,E19.04,clS streak,,0.0010,0.9882,-2.1,6855,
W-ALL,long,227,E38.07,Acceleration,,0.0009,0.9891,-1.1,6869,
W-ALL,long,228,B-P3.08,Both-hot bucket count,,0.0009,0.9901,24.4,6869,
W-ALL,long,229,E23.06,Hot streak length,,0.0009,0.9910,-0.7,6855,
W-ALL,long,230,E07.04,Percentile / z vs trailing window,,0.0009,0.9919,-0.1,6104,
W-ALL,long,231,E48.10,Acceleration,,0.0009,0.9928,1.9,6869,
W-ALL,long,232,E38.02,Percentile / z,,0.0009,0.9937,-0.1,6855,
W-ALL,long,233,E19.07,clS acceleration,,0.0008,0.9945,1.0,6869,
W-ALL,long,234,E21.08,dOI acceleration,,0.0007,0.9952,-0.4,6869,
W-ALL,long,235,C.04,Path class: trend / range / V-shape,,0.0006,0.9958,0.6,6869,
W-ALL,long,236,K.12,POC-baseline slope + consecutive-side streak,,0.0006,0.9964,-3.4,6645,
W-ALL,long,237,E37.01,Absolute absorbed volume + side,,0.0006,0.9970,0.8,6869,
W-ALL,long,238,E36.01,Raw s,,0.0006,0.9976,-0.0,6869,
W-ALL,long,239,E19.08,Day-rank of clS,,0.0006,0.9981,-0.8,6866,
W-ALL,long,240,E57.05,Sweep magnitude z,,0.0006,0.9987,-0.3,6094,
W-ALL,long,241,B-P1.11,Entry-bucket raw (un-smoothed) hover value,,0.0005,0.9992,-0.7,6869,
W-ALL,long,242,E38.06,Eff-agg streak per side,,0.0005,0.9998,0.4,6855,
W-ALL,long,243,E47.10,Acceleration vs prior bucket,,0.0002,0.9999,0.4,6869,
W-ALL,long,244,K.06,Zone tag: above / upper-half / lower-half / below,,0.0001,1.0000,0.0,6865,
W-STAT,long,1,E32.07,Percentile vs history,,0.0210,0.0210,18.4,6645,
W-STAT,long,2,E51.07,z / percentile of large share,,0.0173,0.0383,6.0,2270,
W-STAT,long,3,E51.08,Large-share streak,,0.0154,0.0537,3.9,2270,
W-STAT,long,4,E51.01,Volume per bin (vector feature),,0.0140,0.0677,-12.2,2300,
W-STAT,long,5,E48.06,Day-rank,,0.0134,0.0811,-13.4,6866,
W-STAT,long,6,E01.01,UTC hour-of-day (0-23),,0.0133,0.0944,3.6,6869,
W-STAT,long,7,E02.01,UTC hour-of-day at close,,0.0133,0.1077,3.6,6869,
W-STAT,long,8,E50.09,Large-count streak,,0.0131,0.1208,5.9,2270,
W-STAT,long,9,E49.05,Percentile of total fraction,,0.0127,0.1335,-10.6,6645,
W-STAT,long,10,E47.02,z / percentile vs window,,0.0122,0.1457,0.6,6855,
W-STAT,long,11,E50.08,Large-count percentile vs window,,0.0118,0.1576,5.2,2299,
W-STAT,long,12,E50.01,Counts per bin (vector feature),,0.0118,0.1693,-6.3,2300,
W-STAT,long,13,E52.01,large-order net side (APPROX fixed-273c),,0.0117,0.1810,5.2,2300,
W-STAT,long,14,E48.02,z / percentile,,0.0115,0.1925,-4.3,6855,
W-STAT,long,15,K.09,Squeeze flag: bandwidth in bottom percentile,,0.0115,0.2040,12.7,6645,
W-STAT,long,16,K.11,Close vs POC baseline: side + distance,,0.0105,0.2145,1.6,6646,
W-STAT,long,17,C.05,Max drawup and drawdown within the 15,,0.0104,0.2249,9.3,6869,
W-STAT,long,18,K.04,Bandwidth: (upper - lower) / mid,,0.0099,0.2348,13.5,6865,
W-STAT,long,19,E03.01,Raw seconds / log-duration,,0.0097,0.2445,-10.7,6869,G01.1
W-STAT,long,20,B-S.07,Sum OpL,,0.0097,0.2542,-0.1,6869,
W-STAT,long,21,B-S.10,Sum ClS,,0.0097,0.2639,0.5,6869,
W-STAT,long,22,B-P1.03,Spread: bull% - bear%,,0.0097,0.2736,-6.6,6869,
W-STAT,long,23,E32.01,Current size,,0.0096,0.2832,2.2,6869,
W-STAT,long,24,E42.01,Traded-level count,,0.0094,0.2926,9.4,6869,E45.01
W-STAT,long,25,E03.08,Duration acceleration: ratio vs prior bucket,,0.0094,0.3020,0.1,6869,
W-STAT,long,26,E05.01,Absolute range / range in ticks,,0.0094,0.3113,9.3,6869,
W-STAT,long,27,E47.05,Liq-short streak,,0.0091,0.3204,13.6,6855,
W-STAT,long,28,E19.02,z / percentile,,0.0091,0.3295,4.1,6855,
W-STAT,long,29,B-S.03,Total volume,,0.0086,0.3381,3.2,6869,
W-STAT,long,30,B-P4.04,Opposite side's percentage,,0.0086,0.3466,-9.1,6869,
W-STAT,long,31,B-P1.06,Absolute bear V*s over the selection,,0.0085,0.3552,11.8,6869,
W-STAT,long,32,B-S.08,Sum OpS,,0.0084,0.3636,3.2,6869,
W-STAT,long,33,K.08,Channel slope (mid-line drift over N buckets),,0.0083,0.3719,4.7,6865,
W-STAT,long,34,B-P1.02,Bear absorption percentage (badge),,0.0081,0.3800,4.5,6869,
W-STAT,long,35,E47.06,Day-rank,,0.0081,0.3881,-2.0,6866,
W-STAT,long,36,B-P1.01,Bull absorption percentage (badge),,0.0081,0.3961,-4.4,6869,
W-STAT,long,37,E57.03,Depth percentile vs window,,0.0079,0.4041,-5.6,6610,
W-STAT,long,38,E48.05,Liq-long streak,,0.0079,0.4120,-11.0,6855,
W-STAT,long,39,C.06,Realized volatility of the 15,,0.0078,0.4198,11.4,6869,
W-STAT,long,40,E20.01,churn / vol fraction,,0.0078,0.4276,3.9,6869,
W-STAT,long,41,E38.03,Day-rank,,0.0072,0.4348,0.3,6866,
W-STAT,long,42,B-P4.10,Crossover-diamond count in the selection,,0.0071,0.4418,12.1,6869,
W-STAT,long,43,E20.07,Day-rank of churn,,0.0070,0.4489,10.8,6866,
W-STAT,long,44,E25.01,Raw dispersion (ticks),,0.0068,0.4557,7.3,6869,
W-STAT,long,45,E32.03,Slope of target over the day,,0.0064,0.4621,4.2,6869,
W-STAT,long,46,E12.01,Buy share: buy_vol / curr_vol,,0.0063,0.4684,4.4,6869,
W-STAT,long,47,E12.08,Log buy volume,,0.0063,0.4747,4.4,6869,
W-STAT,long,48,B-S.09,Sum ClL,,0.0063,0.4810,-3.8,6869,
W-STAT,long,49,E54.05,Tier-dwell streak,,0.0062,0.4872,1.7,6855,
W-STAT,long,50,B-P2.08,Trajectory slope across the selection,,0.0062,0.4935,-0.7,6869,
W-STAT,long,51,E12.06,Day-rank of buy volume,,0.0062,0.4996,6.9,6866,
W-STAT,long,52,E08.01,Upper wick size / lower wick size (ticks),,0.0061,0.5057,8.3,6834,
W-STAT,long,53,E18.02,z / percentile,,0.0060,0.5117,3.6,6855,
W-STAT,long,54,B-S.14,Selection range + net price change %,,0.0060,0.5177,5.6,6869,
W-STAT,long,55,B-S.06,Net dOI,,0.0060,0.5237,7.0,6869,
W-STAT,long,56,C.03,Linear-fit slope + R-squared (trendiness),,0.0060,0.5296,4.2,6869,
W-STAT,long,57,E45.02,Dispersion percentile vs window,,0.0059,0.5356,5.6,6645,
W-STAT,long,58,E05.02,Range percentile vs trailing 30/240,,0.0059,0.5415,6.4,6645,
W-STAT,long,59,B-P1.05,Absolute bull V*s over the selection,,0.0059,0.5475,4.0,6869,
W-STAT,long,60,C.10,Cumulative dOI over the 15,,0.0058,0.5533,7.0,6869,
W-STAT,long,61,B-P3.06,Aggregate seller multiple vs baseline,,0.0057,0.5590,-4.4,6869,B-S.12
W-STAT,long,62,B-P2.07,Sum: eff-agg share of selection volume,,0.0056,0.5646,-5.8,6869,
W-STAT,long,63,B-P2.02,Bear eff-agg percentage (badge),,0.0054,0.5700,-7.7,6869,
W-STAT,long,64,B-P2.01,Bull eff-agg percentage (badge),,0.0053,0.5753,7.7,6869,
W-STAT,long,65,E37.02,Percentile / z vs window,,0.0052,0.5806,-3.7,6855,
W-STAT,long,66,E08.08,Wick percentile vs trailing window,,0.0051,0.5857,5.1,6610,
W-STAT,long,67,B-P4.09,Peak gated score + its bucket position,,0.0051,0.5908,-3.1,6869,
W-STAT,long,68,C.02,Net % change over the 15,,0.0051,0.5959,4.9,6869,
W-STAT,long,69,C.08,Dominant 12-state verdict over the 15,,0.0050,0.6009,19.4,6869,
W-STAT,long,70,B-P1.10,Validated-dot (s>=0.60) count in selection,,0.0050,0.6059,-1.5,6869,
W-STAT,long,71,K.05,"Entry close position inside the channel, 0..1",,0.0049,0.6108,3.8,6865,
W-STAT,long,72,B-P3.07,Hot-bucket count (>=1.5x) in selection,,0.0049,0.6156,1.0,6869,
W-STAT,long,73,B-P2.04,Dominant side label,,0.0047,0.6204,3.8,6869,
W-STAT,long,74,E54.03,z / percentile vs trailing 240,,0.0047,0.6251,-4.6,6855,
W-STAT,long,75,E28.01,Raw multiple,,0.0047,0.6299,-5.0,6869,
W-STAT,long,76,C.11,Compression share (buckets under 0.6 ATR),,0.0046,0.6344,3.7,6869,
W-STAT,long,77,E54.01,Current value,,0.0045,0.6389,4.7,6869,
W-STAT,long,78,E43.01,POC share of curr_vol,,0.0045,0.6434,-4.9,6869,
W-STAT,long,79,K.07,Distance to nearest band (ticks and ATRs),,0.0044,0.6478,-5.7,6865,
W-STAT,long,80,B-P4.01,Current exhaustion value (badge),,0.0044,0.6523,-6.8,6869,B-P4.03
W-STAT,long,81,E03.07,Fast/slow STREAK length (consecutive buckets same class),,0.0044,0.6567,3.6,6855,
W-STAT,long,82,B-P2.05,Absolute bull V*(1-s) over the selection,,0.0044,0.6610,4.8,6869,
W-STAT,long,83,E28.05,Percentile / z vs window,,0.0044,0.6654,2.8,6855,
W-STAT,long,84,B-P4.05,Spread between the two sides,,0.0043,0.6697,-6.4,6869,
W-STAT,long,85,E21.10,Day-rank of |dOI|,,0.0043,0.6740,3.6,6866,
W-STAT,long,86,B-P3.02,Seller-side percentage (badge),,0.0043,0.6783,-5.2,6869,
W-STAT,long,87,B-P3.04,Dominant side label,,0.0042,0.6825,3.4,6869,
W-STAT,long,88,B-P3.01,Buyer-side percentage (badge),,0.0042,0.6868,5.1,6869,
W-STAT,long,89,E13.06,Day-rank of sell volume,,0.0042,0.6910,3.9,6866,
W-STAT,long,90,E28.09,Day-rank of speed,,0.0042,0.6951,-4.0,6866,
W-STAT,long,91,E45.06,Fat/thin streak,,0.0041,0.6993,3.8,6855,
W-STAT,long,92,E25.02,Percentile / z vs window,,0.0041,0.7033,1.3,6855,
W-STAT,long,93,E17.08,opS acceleration,,0.0040,0.7073,2.0,6869,
W-STAT,long,94,E24.02,z vs trailing-30,,0.0039,0.7113,-1.1,6855,
W-STAT,long,95,E05.07,Expanding/contracting range STREAK,,0.0039,0.7152,3.7,6855,
W-STAT,long,96,E20.08,Churn acceleration,,0.0038,0.7190,-1.0,6869,
W-STAT,long,97,E03.03,Duration z-score vs trailing window,,0.0038,0.7228,5.1,6855,
W-STAT,long,98,E37.06,Absorption acceleration,,0.0037,0.7265,0.4,6869,
W-STAT,long,99,E25.06,Narrow/wide streak,,0.0036,0.7301,3.1,6855,
W-STAT,long,100,E23.02,z vs trailing-30 (the baseline convention),,0.0036,0.7338,-0.2,6855,
W-STAT,long,101,E28.07,Speed acceleration vs prior,,0.0036,0.7374,-1.7,6869,
W-STAT,long,102,E19.01,clS / vol fraction,,0.0036,0.7409,-1.1,6869,
W-STAT,long,103,B-P2.06,Absolute bear V*(1-s) over the selection,,0.0036,0.7445,-2.7,6869,
W-STAT,long,104,C.09,Cumulative delta over the 15,,0.0035,0.7480,3.9,6869,
W-STAT,long,105,E43.10,Day-rank of POC share,,0.0034,0.7514,-5.2,6866,
W-STAT,long,106,E12.03,Buy-dominance streak (share > 0.5),,0.0034,0.7549,4.6,6855,
W-STAT,long,107,E13.01,Sell share: sell_vol / curr_vol,,0.0034,0.7583,3.0,6869,
W-STAT,long,108,E13.08,Log sell volume,,0.0034,0.7617,3.0,6869,
W-STAT,long,109,C.01,Direction over the 15: net UP or DOWN,,0.0034,0.7652,10.0,6869,
W-STAT,long,110,E24.09,Day-rank,,0.0034,0.7685,-1.0,6866,
W-STAT,long,111,E06.02,Log return of the body,,0.0033,0.7719,2.2,6869,
W-STAT,long,112,B-P2.10,Dominance-flip count across the selection,,0.0033,0.7752,-4.4,6869,
W-STAT,long,113,E21.01,Sign: BUILD vs DRAIN,,0.0033,0.7785,3.3,6869,
W-STAT,long,114,E18.04,clL streak (sustained unwind),,0.0033,0.7818,-3.0,6855,
W-STAT,long,115,E06.01,Sign (direction) and magnitude,,0.0032,0.7850,3.2,6869,E06.10
W-STAT,long,116,E37.05,Absorption streak per side,,0.0032,0.7882,0.2,6855,
W-STAT,long,117,E20.03,z / percentile,,0.0031,0.7914,-0.2,6855,
W-STAT,long,118,E28.06,Speed streak (consecutive > 1x),,0.0031,0.7945,-1.0,6855,
W-STAT,long,119,E33.01,Buyer multiplier / seller multiplier values,,0.0031,0.7975,-3.2,6869,
W-STAT,long,120,E24.04,Percentile,,0.0031,0.8006,-1.0,6645,
W-STAT,long,121,E20.04,High-churn streak,,0.0030,0.8036,2.7,6855,
W-STAT,long,122,E55.09,Percentile-window fill health,,0.0030,0.8067,-2.0,6644,
W-STAT,long,123,E38.01,Absolute eff-agg + side,,0.0030,0.8097,0.9,6869,
W-STAT,long,124,E24.06,Hot streak,,0.0030,0.8126,-3.9,6855,
W-STAT,long,125,E23.04,Percentile vs window,,0.0029,0.8156,2.7,6645,
W-STAT,long,126,E36.04,High-s streak,,0.0029,0.8185,-0.7,6855,
W-STAT,long,127,E13.03,Sell-dominance streak,,0.0029,0.8214,-2.1,6855,
W-STAT,long,128,E16.01,opL / vol fraction,,0.0028,0.8242,1.9,6869,
W-STAT,long,129,B-P3.05,Aggregate buyer multiple vs trailing baseline,,0.0028,0.8270,3.1,6869,B-S.11
W-STAT,long,130,B-P1.08,Trajectory slope across the selection,,0.0028,0.8298,-1.7,6869,
W-STAT,long,131,E14.04,Same-sign delta streak (pressure persistence),,0.0028,0.8326,3.5,6855,
W-STAT,long,132,B-P1.07,Sum: absorbed share of selection volume,,0.0028,0.8354,2.8,6869,
W-STAT,long,133,E03.02,Duration percentile vs trailing 30 and 240 buckets,,0.0028,0.8382,2.5,6645,
W-STAT,long,134,E16.06,Day-rank of opL,,0.0027,0.8409,3.9,6866,
W-STAT,long,135,E17.02,z-score / percentile,,0.0027,0.8436,3.0,6855,
W-STAT,long,136,E39.04,Consecutive-dot streak,,0.0027,0.8463,-4.0,6855,
W-STAT,long,137,E36.03,Percentile / z vs window,,0.0027,0.8490,-1.9,6855,
W-STAT,long,138,E54.04,Slope over last N buckets,,0.0026,0.8516,-2.9,6869,
W-STAT,long,139,B-S.05,Net delta + delta percentage,,0.0026,0.8542,3.6,6869,
W-STAT,long,140,E18.01,clL / vol fraction,,0.0026,0.8568,-1.4,6869,
W-STAT,long,141,E33.05,Percentile of each vs day,,0.0026,0.8594,-2.6,6645,
W-STAT,long,142,E45.05,z-score of dispersion,,0.0026,0.8620,3.8,6855,
W-STAT,long,143,E17.01,opS / vol fraction,,0.0025,0.8645,2.3,6869,
W-STAT,long,144,E06.04,Same-direction streak length,,0.0025,0.8670,5.2,6855,
W-STAT,long,145,E17.06,Day-rank of opS,,0.0025,0.8695,2.1,6866,
W-STAT,long,146,E23.01,Raw value / log value,,0.0025,0.8719,-0.7,6869,
W-STAT,long,147,G06.1,Net OI change + open:close ratio,,0.0024,0.8744,2.7,6869,
W-STAT,long,148,C.07,Higher-highs / lower-lows counts,,0.0024,0.8768,1.2,6869,
W-STAT,long,149,B-P3.10,Entry-bucket raw value,,0.0024,0.8792,1.4,6869,
W-STAT,long,150,E05.03,Range z-score,,0.0024,0.8816,3.6,6855,
W-STAT,long,151,E14.09,Day-rank of abs(delta),,0.0024,0.8840,2.4,6866,
W-STAT,long,152,E12.02,Buy z-score / percentile vs trailing window,,0.0024,0.8864,1.2,6855,
W-STAT,long,153,E16.04,opL streak (persistent long initiative),,0.0024,0.8887,4.0,6855,
W-STAT,long,154,E15.04,Percentile / z vs window,,0.0023,0.8911,-1.2,6855,
W-STAT,long,155,G04.1,Price moved per net contract (efficiency of aggression),,0.0023,0.8934,-0.2,6869,
W-STAT,long,156,E17.04,opS streak,,0.0023,0.8956,4.2,6855,
W-STAT,long,157,E06.03,Body percentile / z-score vs window,,0.0023,0.8979,1.1,6855,
W-STAT,long,158,E10.04,Percentile vs trailing window,,0.0023,0.9002,-1.9,6610,
W-STAT,long,159,E24.01,Raw value / log value,,0.0023,0.9024,-2.3,6869,
W-STAT,long,160,B-P3.09,Peak-E/R bucket position,,0.0023,0.9047,-0.1,6869,
W-STAT,long,161,E23.09,Day-rank of buyer effort,,0.0022,0.9069,2.0,6866,
W-STAT,long,162,E43.02,Percentile / z of the share,,0.0022,0.9092,0.0,6855,
W-STAT,long,163,E37.03,Day-rank of absorbed volume,,0.0022,0.9114,-0.3,6866,
W-STAT,long,164,E36.05,s slope over last 5 buckets,,0.0022,0.9136,-1.2,6869,
W-STAT,long,165,E10.01,Raw 0..1 position,,0.0022,0.9158,-1.2,6834,G10.1
W-STAT,long,166,E56.01,ATR value,,0.0022,0.9179,3.0,6855,
W-STAT,long,167,E56.05,ATR slope (vol regime drift),,0.0021,0.9201,-0.4,6851,
W-STAT,long,168,C.12,Sweep-event count in the 15,,0.0021,0.9222,3.4,6869,
W-STAT,long,169,G03.1,delta and delta fraction (the canonical pair),,0.0021,0.9243,1.9,6869,
W-STAT,long,170,E24.08,Effort acceleration,,0.0021,0.9264,0.2,6869,
W-STAT,long,171,E33.06,Slope over the selection window,,0.0021,0.9285,-1.1,6869,
W-STAT,long,172,E57.01,Swept prior HIGH (Y/N) / swept prior LOW (Y/N),,0.0021,0.9306,2.3,6834,
W-STAT,long,173,E14.01,Sign and magnitude,,0.0021,0.9326,1.6,6869,
W-STAT,long,174,B-P3.03,Spread: buyer% - seller%,,0.0021,0.9347,-2.0,6869,
W-STAT,long,175,E16.02,z-score / percentile vs window,,0.0020,0.9367,2.3,6855,
W-STAT,long,176,B-P1.09,Peak-absorption bucket position (0..15),,0.0020,0.9387,2.1,6869,
W-STAT,long,177,E56.06,ATR percentile vs day,,0.0020,0.9407,2.0,6645,
W-STAT,long,178,E07.01,Raw fraction 0..1,,0.0020,0.9427,-1.9,6834,G02.1
W-STAT,long,179,E07.05,Trend-bar streak length,,0.0020,0.9446,-3.1,6104,
W-STAT,long,180,E13.02,Sell z-score / percentile,,0.0019,0.9466,-0.4,6855,
W-STAT,long,181,E13.10,Sell-share slope over trailing 5 buckets,,0.0019,0.9485,-1.9,6869,
W-STAT,long,182,E21.04,BUILD streak / DRAIN streak lengths,,0.0019,0.9504,2.3,6855,
W-STAT,long,183,E10.07,Persistently-high/low POC streak,,0.0019,0.9522,0.4,6104,
W-STAT,long,184,B-P1.04,Dominant side label,,0.0018,0.9541,1.5,6869,
W-STAT,long,185,E18.08,Day-rank of clL,,0.0018,0.9559,-0.1,6866,
W-STAT,long,186,E43.05,Dominant-POC streak,,0.0018,0.9577,-1.8,6855,
W-STAT,long,187,E60.01,State label (categorical) + one-hot vector,,0.0018,0.9595,6.7,6869,E62.01
W-STAT,long,188,E12.10,Buy-share slope over trailing 5 buckets,,0.0018,0.9613,1.7,6869,
W-STAT,long,189,E18.07,clL acceleration,,0.0018,0.9631,-0.7,6869,
W-STAT,long,190,E14.03,Delta z-score / percentile,,0.0018,0.9649,0.9,6855,
W-STAT,long,191,B-P2.09,Peak eff-agg bucket position,,0.0018,0.9666,0.8,6869,
W-STAT,long,192,E14.06,Delta acceleration (this vs prior magnitude),,0.0017,0.9683,-1.1,6869,
W-STAT,long,193,E15.05,One-sidedness streak,,0.0017,0.9700,-1.5,6855,
W-STAT,long,194,B-P2.11,Entry-bucket raw value,,0.0016,0.9717,1.4,6869,
W-STAT,long,195,E54.02,Tier: calm / warn / toxic (adaptive percentiles),,0.0015,0.9732,1.7,6645,E55.01
W-STAT,long,196,E16.08,opL acceleration vs prior bucket,,0.0015,0.9747,0.4,6869,
W-STAT,long,197,B-P4.02,LAST EXHAUSTED SIDE (bull / bear),,0.0015,0.9762,1.2,6869,
W-STAT,long,198,B-P2.03,Spread: bull% - bear%,,0.0015,0.9776,-0.4,6869,
W-STAT,long,199,E22.01,OPEN_OI ramp value (0.10-0.50),,0.0014,0.9791,0.3,6869,
W-STAT,long,200,E15.01,Raw fraction,,0.0014,0.9805,-0.2,6869,
W-STAT,long,201,E23.08,Effort acceleration vs prior,,0.0014,0.9819,-1.3,6869,
W-STAT,long,202,E21.03,z / percentile,,0.0013,0.9832,0.4,6855,
W-STAT,long,203,E19.04,clS streak,,0.0013,0.9845,-2.1,6855,
W-STAT,long,204,E38.07,Acceleration,,0.0012,0.9857,-1.1,6869,
W-STAT,long,205,B-P3.08,Both-hot bucket count,,0.0012,0.9870,24.4,6869,
W-STAT,long,206,E23.06,Hot streak length,,0.0012,0.9882,-0.7,6855,
W-STAT,long,207,E07.04,Percentile / z vs trailing window,,0.0012,0.9894,-0.1,6104,
W-STAT,long,208,E48.10,Acceleration,,0.0012,0.9906,1.9,6869,
W-STAT,long,209,E38.02,Percentile / z,,0.0012,0.9918,-0.1,6855,
W-STAT,long,210,E19.07,clS acceleration,,0.0010,0.9928,1.0,6869,
W-STAT,long,211,E21.08,dOI acceleration,,0.0010,0.9937,-0.4,6869,
W-STAT,long,212,C.04,Path class: trend / range / V-shape,,0.0008,0.9945,0.6,6869,
W-STAT,long,213,K.12,POC-baseline slope + consecutive-side streak,,0.0008,0.9953,-3.4,6645,
W-STAT,long,214,E37.01,Absolute absorbed volume + side,,0.0008,0.9960,0.8,6869,
W-STAT,long,215,E36.01,Raw s,,0.0008,0.9968,-0.0,6869,
W-STAT,long,216,E19.08,Day-rank of clS,,0.0007,0.9975,-0.8,6866,
W-STAT,long,217,E57.05,Sweep magnitude z,,0.0007,0.9983,-0.3,6094,
W-STAT,long,218,B-P1.11,Entry-bucket raw (un-smoothed) hover value,,0.0007,0.9990,-0.7,6869,
W-STAT,long,219,E38.06,Eff-agg streak per side,,0.0007,0.9997,0.4,6855,
W-STAT,long,220,E47.10,Acceleration vs prior bucket,,0.0002,0.9999,0.4,6869,
W-STAT,long,221,K.06,Zone tag: above / upper-half / lower-half / below,,0.0001,1.0000,0.0,6865,
W-ALL,short,1,E31.01,Current level,tempo,0.0149,0.0149,-22.7,6797,
W-ALL,short,2,E48.06,Day-rank,,0.0146,0.0294,17.7,6866,
W-ALL,short,3,B-S.02,Selection wall-clock duration,tempo,0.0133,0.0428,16.9,6869,
W-ALL,short,4,E51.01,Volume per bin (vector feature),,0.0133,0.0560,7.3,2300,
W-ALL,short,5,E32.07,Percentile vs history,,0.0128,0.0688,-11.2,6645,
W-ALL,short,6,E31.02,Slope over trailing window (regime drift),tempo,0.0123,0.0811,7.5,6579,
W-ALL,short,7,E04.01,"Gap vs prior close: size, sign, gap-in-ticks",level,0.0119,0.0930,13.3,6869,E04.08
W-ALL,short,8,E04.09,Log return open->close,level,0.0119,0.1049,13.3,6869,
W-ALL,short,9,E09.01,POC round-number proximity,level,0.0113,0.1162,12.7,6869,
W-ALL,short,10,B-S.10,Sum ClS,,0.0113,0.1276,1.4,6869,
W-ALL,short,11,E49.05,Percentile of total fraction,,0.0113,0.1389,11.9,6645,
W-ALL,short,12,K.10,Rolling-POC baseline value (240-bucket window POC),level,0.0110,0.1499,11.8,6646,
W-ALL,short,13,E09.09,POC percentile within the day's range,level,0.0104,0.1603,5.0,6645,
W-ALL,short,14,E11.09,Day-rank of the bucket's volume,tempo,0.0103,0.1707,-13.6,6866,
W-ALL,short,15,B-S.13,Average VEL + Speed multiple,tempo,0.0099,0.1806,-13.8,6869,
W-ALL,short,16,K.02,KC upper band (mid + 2.0 x ATR-20),level,0.0098,0.1904,11.3,6865,
W-ALL,short,17,E11.05,Above/below-mean volume streak,tempo,0.0098,0.2002,-14.5,6855,
W-ALL,short,18,E51.07,z / percentile of large share,,0.0097,0.2099,-1.8,2270,
W-ALL,short,19,K.01,KC middle line value at entry (EMA-20 of close),level,0.0094,0.2193,11.0,6865,
W-ALL,short,20,E51.08,Large-share streak,,0.0093,0.2285,-7.4,2270,
W-ALL,short,21,E01.01,UTC hour-of-day (0-23),,0.0091,0.2377,-5.2,6869,
W-ALL,short,22,E02.01,UTC hour-of-day at close,,0.0091,0.2468,-5.2,6869,
W-ALL,short,23,K.11,Close vs POC baseline: side + distance,,0.0091,0.2559,-2.4,6646,
W-ALL,short,24,E47.06,Day-rank,,0.0091,0.2650,4.3,6866,
W-ALL,short,25,E55.09,Percentile-window fill health,,0.0090,0.2740,4.0,6644,
W-ALL,short,26,E29.01,Raw units/s / log pace,tempo,0.0089,0.2829,-13.9,6797,
W-ALL,short,27,G08.1,vel = volume/second and Speed multiple (canonical),tempo,0.0089,0.2918,-13.9,6797,
W-ALL,short,28,K.09,Squeeze flag: bandwidth in bottom percentile,,0.0089,0.3007,-10.2,6645,
W-ALL,short,29,E03.08,Duration acceleration: ratio vs prior bucket,,0.0088,0.3095,0.5,6869,
W-ALL,short,30,B-S.07,Sum OpL,,0.0088,0.3182,0.9,6869,
W-ALL,short,31,K.03,KC lower band (mid - 2.0 x ATR-20),level,0.0087,0.3270,10.3,6865,
W-ALL,short,32,K.04,Bandwidth: (upper - lower) / mid,,0.0087,0.3357,-11.7,6865,
W-ALL,short,33,E57.03,Depth percentile vs window,,0.0081,0.3438,7.9,6610,
W-ALL,short,34,C.05,Max drawup and drawdown within the 15,,0.0080,0.3519,-7.9,6869,
W-ALL,short,35,E11.01,Overshoot ratio: curr_vol / target_vol (last-print spillover),tempo,0.0079,0.3597,-2.2,6869,
W-ALL,short,36,E11.03,Log volume,tempo,0.0079,0.3676,-2.2,6869,
W-ALL,short,37,E54.05,Tier-dwell streak,,0.0078,0.3754,-2.9,6855,
W-ALL,short,38,E32.01,Current size,,0.0076,0.3829,-2.2,6869,
W-ALL,short,39,B-S.03,Total volume,,0.0075,0.3904,-3.5,6869,
W-ALL,short,40,E03.01,Raw seconds / log-duration,,0.0074,0.3978,11.9,6869,G01.1
W-ALL,short,41,E50.09,Large-count streak,,0.0074,0.4052,-5.2,2270,
W-ALL,short,42,E20.01,churn / vol fraction,,0.0073,0.4125,-4.4,6869,
W-ALL,short,43,E03.07,Fast/slow STREAK length (consecutive buckets same class),,0.0073,0.4198,-2.8,6855,
W-ALL,short,44,E47.02,z / percentile vs window,,0.0073,0.4270,-0.5,6855,
W-ALL,short,45,C.08,Dominant 12-state verdict over the 15,,0.0072,0.4342,18.1,6869,
W-ALL,short,46,B-P1.06,Absolute bear V*s over the selection,,0.0071,0.4413,-9.0,6869,
W-ALL,short,47,E48.02,z / percentile,,0.0071,0.4484,9.2,6855,
W-ALL,short,48,E48.05,Liq-long streak,,0.0069,0.4553,8.5,6855,
W-ALL,short,49,E11.02,Volume percentile / z vs trailing window,tempo,0.0069,0.4622,-8.6,6855,
W-ALL,short,50,E50.01,Counts per bin (vector feature),,0.0068,0.4690,2.3,2300,
W-ALL,short,51,B-S.09,Sum ClL,,0.0060,0.4750,4.7,6869,
W-ALL,short,52,B-P4.09,Peak gated score + its bucket position,,0.0059,0.4809,3.8,6869,
W-ALL,short,53,E52.01,large-order net side (APPROX fixed-273c),,0.0058,0.4867,5.5,2300,
W-ALL,short,54,E50.08,Large-count percentile vs window,,0.0057,0.4923,-5.1,2299,
W-ALL,short,55,E29.05,Pace acceleration,tempo,0.0056,0.4979,-0.9,6683,
W-ALL,short,56,E19.02,z / percentile,,0.0055,0.5035,-1.9,6855,
W-ALL,short,57,C.06,Realized volatility of the 15,,0.0055,0.5090,-10.0,6869,
W-ALL,short,58,B-S.08,Sum OpS,,0.0054,0.5144,-2.8,6869,
W-ALL,short,59,E12.06,Day-rank of buy volume,,0.0054,0.5198,-6.5,6866,
W-ALL,short,60,B-P4.04,Opposite side's percentage,,0.0054,0.5251,6.8,6869,
W-ALL,short,61,B-P3.06,Aggregate seller multiple vs baseline,,0.0053,0.5304,3.5,6869,B-S.12
W-ALL,short,62,E20.07,Day-rank of churn,,0.0051,0.5355,-9.4,6866,
W-ALL,short,63,E12.01,Buy share: buy_vol / curr_vol,,0.0051,0.5405,-5.2,6869,
W-ALL,short,64,E12.08,Log buy volume,,0.0051,0.5456,-5.2,6869,
W-ALL,short,65,E47.05,Liq-short streak,,0.0051,0.5507,-7.9,6855,
W-ALL,short,66,B-P3.07,Hot-bucket count (>=1.5x) in selection,,0.0050,0.5557,0.0,6869,
W-ALL,short,67,E38.03,Day-rank,,0.0050,0.5607,-2.3,6866,
W-ALL,short,68,E54.03,z / percentile vs trailing 240,,0.0050,0.5657,3.8,6855,
W-ALL,short,69,E05.01,Absolute range / range in ticks,,0.0050,0.5707,-6.9,6869,
W-ALL,short,70,E42.01,Traded-level count,,0.0049,0.5756,-6.6,6869,E45.01
W-ALL,short,71,E45.02,Dispersion percentile vs window,,0.0049,0.5805,-4.2,6645,
W-ALL,short,72,E54.01,Current value,,0.0048,0.5853,-7.4,6869,
W-ALL,short,73,B-P4.01,Current exhaustion value (badge),,0.0047,0.5900,7.4,6869,B-P4.03
W-ALL,short,74,E05.02,Range percentile vs trailing 30/240,,0.0047,0.5947,-5.4,6645,
W-ALL,short,75,B-P2.08,Trajectory slope across the selection,,0.0046,0.5992,-1.6,6869,
W-ALL,short,76,E25.01,Raw dispersion (ticks),,0.0045,0.6037,-6.9,6869,
W-ALL,short,77,B-P2.07,Sum: eff-agg share of selection volume,,0.0045,0.6082,-2.0,6869,
W-ALL,short,78,E17.08,opS acceleration,,0.0045,0.6127,-0.9,6869,
W-ALL,short,79,B-P2.02,Bear eff-agg percentage (badge),,0.0044,0.6171,6.7,6869,
W-ALL,short,80,B-P1.03,Spread: bull% - bear%,,0.0043,0.6214,-1.8,6869,
W-ALL,short,81,B-P2.01,Bull eff-agg percentage (badge),,0.0043,0.6257,-6.6,6869,
W-ALL,short,82,B-P4.02,LAST EXHAUSTED SIDE (bull / bear),,0.0043,0.6301,4.2,6869,
W-ALL,short,83,B-P4.05,Spread between the two sides,,0.0043,0.6344,7.2,6869,
W-ALL,short,84,K.08,Channel slope (mid-line drift over N buckets),,0.0043,0.6387,-5.0,6865,
W-ALL,short,85,C.03,Linear-fit slope + R-squared (trendiness),,0.0042,0.6429,-2.0,6869,
W-ALL,short,86,E08.01,Upper wick size / lower wick size (ticks),,0.0041,0.6471,-6.8,6834,
W-ALL,short,87,E20.04,High-churn streak,,0.0041,0.6511,-5.1,6855,
W-ALL,short,88,B-S.06,Net dOI,,0.0040,0.6551,-4.2,6869,
W-ALL,short,89,E08.08,Wick percentile vs trailing window,,0.0039,0.6590,-2.5,6610,
W-ALL,short,90,E19.07,clS acceleration,,0.0039,0.6628,-1.4,6869,
W-ALL,short,91,E29.02,Percentile / z vs trailing window,tempo,0.0038,0.6666,-1.5,5454,
W-ALL,short,92,E18.04,clL streak (sustained unwind),,0.0037,0.6703,4.3,6855,
W-ALL,short,93,E18.02,z / percentile,,0.0037,0.6740,-0.5,6855,
W-ALL,short,94,B-P1.10,Validated-dot (s>=0.60) count in selection,,0.0037,0.6777,3.7,6869,
W-ALL,short,95,E24.02,z vs trailing-30,,0.0036,0.6813,2.2,6855,
W-ALL,short,96,E19.01,clS / vol fraction,,0.0036,0.6850,2.1,6869,
W-ALL,short,97,E16.08,opL acceleration vs prior bucket,,0.0036,0.6886,-0.8,6869,
W-ALL,short,98,B-P2.05,Absolute bull V*(1-s) over the selection,,0.0036,0.6922,-5.0,6869,
W-ALL,short,99,E45.06,Fat/thin streak,,0.0036,0.6958,-3.0,6855,
W-ALL,short,100,E28.01,Raw multiple,,0.0036,0.6994,3.2,6869,
W-ALL,short,101,E43.01,POC share of curr_vol,,0.0036,0.7030,4.0,6869,
W-ALL,short,102,E06.01,Sign (direction) and magnitude,,0.0035,0.7065,6.2,6869,E06.10
W-ALL,short,103,E06.02,Log return of the body,,0.0035,0.7100,-4.0,6869,
W-ALL,short,104,E32.03,Slope of target over the day,,0.0035,0.7135,-0.8,6869,
W-ALL,short,105,C.10,Cumulative dOI over the 15,,0.0034,0.7169,-3.7,6869,
W-ALL,short,106,E12.03,Buy-dominance streak (share > 0.5),,0.0034,0.7203,-5.3,6855,
W-ALL,short,107,E31.04,Percentile vs the day,tempo,0.0034,0.7237,-5.4,6573,
W-ALL,short,108,K.05,"Entry close position inside the channel, 0..1",,0.0034,0.7270,-4.6,6865,
W-ALL,short,109,E14.09,Day-rank of abs(delta),,0.0033,0.7303,-4.8,6866,
W-ALL,short,110,B-P4.10,Crossover-diamond count in the selection,,0.0033,0.7336,11.1,6869,
W-ALL,short,111,E33.06,Slope over the selection window,,0.0032,0.7368,1.4,6869,
W-ALL,short,112,E03.03,Duration z-score vs trailing window,,0.0032,0.7400,-3.9,6855,
W-ALL,short,113,E18.01,clL / vol fraction,,0.0031,0.7431,3.0,6869,
W-ALL,short,114,B-P1.02,Bear absorption percentage (badge),,0.0031,0.7462,-3.8,6869,
W-ALL,short,115,E25.06,Narrow/wide streak,,0.0031,0.7493,-0.6,6855,
W-ALL,short,116,E20.03,z / percentile,,0.0031,0.7524,-0.6,6855,
W-ALL,short,117,B-P1.01,Bull absorption percentage (badge),,0.0031,0.7555,3.7,6869,
W-ALL,short,118,B-P3.02,Seller-side percentage (badge),,0.0030,0.7585,2.4,6869,
W-ALL,short,119,E43.10,Day-rank of POC share,,0.0030,0.7615,5.5,6866,
W-ALL,short,120,B-P3.01,Buyer-side percentage (badge),,0.0030,0.7645,-2.4,6869,
W-ALL,short,121,E05.07,Expanding/contracting range STREAK,,0.0030,0.7675,-2.1,6855,
W-ALL,short,122,G03.1,delta and delta fraction (the canonical pair),,0.0029,0.7705,-4.3,6869,
W-ALL,short,123,C.12,Sweep-event count in the 15,,0.0029,0.7734,-5.7,6869,
W-ALL,short,124,E14.04,Same-sign delta streak (pressure persistence),,0.0029,0.7763,-4.6,6855,
W-ALL,short,125,E37.05,Absorption streak per side,,0.0029,0.7792,1.9,6855,
W-ALL,short,126,E38.02,Percentile / z,,0.0029,0.7821,-1.2,6855,
W-ALL,short,127,B-P3.04,Dominant side label,,0.0029,0.7850,2.8,6869,
W-ALL,short,128,E24.06,Hot streak,,0.0029,0.7879,4.9,6855,
W-ALL,short,129,E16.04,opL streak (persistent long initiative),,0.0029,0.7908,-0.5,6855,
W-ALL,short,130,E21.10,Day-rank of |dOI|,,0.0029,0.7937,-3.1,6866,
W-ALL,short,131,E38.01,Absolute eff-agg + side,,0.0029,0.7965,-1.8,6869,
W-ALL,short,132,E54.04,Slope over last N buckets,,0.0028,0.7994,3.1,6869,
W-ALL,short,133,E28.09,Day-rank of speed,,0.0028,0.8022,1.6,6866,
W-ALL,short,134,E24.04,Percentile,,0.0028,0.8050,1.0,6645,
W-ALL,short,135,E43.05,Dominant-POC streak,,0.0028,0.8078,3.8,6855,
W-ALL,short,136,E37.06,Absorption acceleration,,0.0028,0.8106,1.5,6869,
W-ALL,short,137,E17.04,opS streak,,0.0028,0.8134,0.8,6855,
W-ALL,short,138,C.02,Net % change over the 15,,0.0028,0.8161,-2.7,6869,
W-ALL,short,139,E54.02,Tier: calm / warn / toxic (adaptive percentiles),,0.0027,0.8188,-1.6,6645,E55.01
W-ALL,short,140,E24.09,Day-rank,,0.0027,0.8215,1.2,6866,
W-ALL,short,141,C.11,Compression share (buckets under 0.6 ATR),,0.0027,0.8242,-2.3,6869,
W-ALL,short,142,E37.03,Day-rank of absorbed volume,,0.0026,0.8269,1.9,6866,
W-ALL,short,143,E25.02,Percentile / z vs window,,0.0026,0.8295,-3.2,6855,
W-ALL,short,144,E05.03,Range z-score,,0.0026,0.8321,-3.2,6855,
W-ALL,short,145,B-S.14,Selection range + net price change %,,0.0026,0.8347,-3.4,6869,
W-ALL,short,146,E03.02,Duration percentile vs trailing 30 and 240 buckets,,0.0026,0.8372,-2.1,6645,
W-ALL,short,147,E13.03,Sell-dominance streak,,0.0026,0.8398,3.2,6855,
W-ALL,short,148,E22.01,OPEN_OI ramp value (0.10-0.50),,0.0025,0.8423,1.8,6869,
W-ALL,short,149,E57.05,Sweep magnitude z,,0.0025,0.8448,3.1,6094,
W-ALL,short,150,E21.01,Sign: BUILD vs DRAIN,,0.0025,0.8474,6.5,6869,
W-ALL,short,151,E16.01,opL / vol fraction,,0.0025,0.8499,-1.0,6869,
W-ALL,short,152,B-P3.05,Aggregate buyer multiple vs trailing baseline,,0.0025,0.8523,0.6,6869,B-S.11
W-ALL,short,153,B-P2.04,Dominant side label,,0.0025,0.8548,2.4,6869,
W-ALL,short,154,E12.02,Buy z-score / percentile vs trailing window,,0.0025,0.8573,-2.2,6855,
W-ALL,short,155,E06.04,Same-direction streak length,,0.0024,0.8597,-2.3,6855,
W-ALL,short,156,G06.1,Net OI change + open:close ratio,,0.0024,0.8621,-2.0,6869,
W-ALL,short,157,E14.03,Delta z-score / percentile,,0.0024,0.8645,-2.2,6855,
W-ALL,short,158,E36.04,High-s streak,,0.0024,0.8669,2.9,6855,
W-ALL,short,159,E45.05,z-score of dispersion,,0.0024,0.8693,-3.2,6855,
W-ALL,short,160,E16.06,Day-rank of opL,,0.0024,0.8717,-2.5,6866,
W-ALL,short,161,E60.01,State label (categorical) + one-hot vector,,0.0024,0.8740,7.4,6869,E62.01
W-ALL,short,162,E56.06,ATR percentile vs day,,0.0024,0.8764,-2.3,6645,
W-ALL,short,163,B-S.05,Net delta + delta percentage,,0.0024,0.8787,-2.1,6869,
W-ALL,short,164,E23.04,Percentile vs window,,0.0023,0.8811,-2.6,6645,
W-ALL,short,165,K.07,Distance to nearest band (ticks and ATRs),,0.0023,0.8834,-4.2,6865,
W-ALL,short,166,E28.06,Speed streak (consecutive > 1x),,0.0023,0.8858,1.9,6855,
W-ALL,short,167,E13.02,Sell z-score / percentile,,0.0023,0.8881,2.6,6855,
W-ALL,short,168,E17.02,z-score / percentile,,0.0023,0.8903,-0.5,6855,
W-ALL,short,169,E13.06,Day-rank of sell volume,,0.0023,0.8926,-0.5,6866,
W-ALL,short,170,E19.08,Day-rank of clS,,0.0022,0.8948,3.2,6866,
W-ALL,short,171,B-P1.05,Absolute bull V*s over the selection,,0.0022,0.8970,-0.4,6869,
W-ALL,short,172,E23.09,Day-rank of buyer effort,,0.0022,0.8992,-2.2,6866,
W-ALL,short,173,E13.10,Sell-share slope over trailing 5 buckets,,0.0022,0.9014,3.2,6869,
W-ALL,short,174,E39.04,Consecutive-dot streak,,0.0021,0.9035,4.6,6855,
W-ALL,short,175,E29.04,Pace streak,tempo,0.0021,0.9056,0.5,5454,
W-ALL,short,176,E23.02,z vs trailing-30 (the baseline convention),,0.0021,0.9077,-1.3,6855,
W-ALL,short,177,E10.07,Persistently-high/low POC streak,,0.0020,0.9097,0.7,6104,
W-ALL,short,178,E21.03,z / percentile,,0.0020,0.9117,-0.5,6855,
W-ALL,short,179,C.01,Direction over the 15: net UP or DOWN,,0.0020,0.9138,7.8,6869,
W-ALL,short,180,E24.01,Raw value / log value,,0.0020,0.9158,1.1,6869,
W-ALL,short,181,E16.02,z-score / percentile vs window,,0.0020,0.9177,-0.1,6855,
W-ALL,short,182,B-P2.11,Entry-bucket raw value,,0.0020,0.9197,-2.1,6869,
W-ALL,short,183,C.09,Cumulative delta over the 15,,0.0020,0.9217,-1.9,6869,
W-ALL,short,184,E17.01,opS / vol fraction,,0.0019,0.9236,0.7,6869,
W-ALL,short,185,E33.01,Buyer multiplier / seller multiplier values,,0.0019,0.9255,2.9,6869,
W-ALL,short,186,E06.03,Body percentile / z-score vs window,,0.0019,0.9274,-2.9,6855,
W-ALL,short,187,E21.08,dOI acceleration,,0.0019,0.9293,-0.5,6869,
W-ALL,short,188,E56.05,ATR slope (vol regime drift),,0.0019,0.9312,-0.2,6851,
W-ALL,short,189,B-P2.06,Absolute bear V*(1-s) over the selection,,0.0019,0.9331,0.8,6869,
W-ALL,short,190,E37.02,Percentile / z vs window,,0.0018,0.9349,2.4,6855,
W-ALL,short,191,B-P2.10,Dominance-flip count across the selection,,0.0018,0.9367,2.9,6869,
W-ALL,short,192,E07.05,Trend-bar streak length,,0.0018,0.9385,1.6,6104,
W-ALL,short,193,C.07,Higher-highs / lower-lows counts,,0.0018,0.9403,0.4,6869,
W-ALL,short,194,E56.01,ATR value,,0.0018,0.9421,-2.7,6855,
W-ALL,short,195,E18.08,Day-rank of clL,,0.0018,0.9439,2.0,6866,
W-ALL,short,196,E13.01,Sell share: sell_vol / curr_vol,,0.0018,0.9457,-0.9,6869,
W-ALL,short,197,E13.08,Log sell volume,,0.0018,0.9474,-0.9,6869,
W-ALL,short,198,E36.03,Percentile / z vs window,,0.0018,0.9492,1.5,6855,
W-ALL,short,199,E38.07,Acceleration,,0.0018,0.9509,0.5,6869,
W-ALL,short,200,B-P1.07,Sum: absorbed share of selection volume,,0.0017,0.9526,0.8,6869,
W-ALL,short,201,E19.04,clS streak,,0.0017,0.9543,2.0,6855,
W-ALL,short,202,E10.04,Percentile vs trailing window,,0.0017,0.9560,2.5,6610,
W-ALL,short,203,E28.07,Speed acceleration vs prior,,0.0017,0.9576,-0.3,6869,
W-ALL,short,204,B-P3.10,Entry-bucket raw value,,0.0017,0.9593,-2.7,6869,
W-ALL,short,205,B-P3.03,Spread: buyer% - seller%,,0.0016,0.9609,0.6,6869,
W-ALL,short,206,E12.10,Buy-share slope over trailing 5 buckets,,0.0016,0.9625,-2.2,6869,
W-ALL,short,207,B-P1.09,Peak-absorption bucket position (0..15),,0.0016,0.9641,2.0,6869,
W-ALL,short,208,E15.01,Raw fraction,,0.0015,0.9656,-1.6,6869,
W-ALL,short,209,E33.05,Percentile of each vs day,,0.0015,0.9672,2.1,6645,
W-ALL,short,210,E14.01,Sign and magnitude,,0.0015,0.9687,1.4,6869,
W-ALL,short,211,K.06,Zone tag: above / upper-half / lower-half / below,,0.0015,0.9701,2.1,6865,
W-ALL,short,212,E28.05,Percentile / z vs window,,0.0015,0.9716,-1.2,6855,
W-ALL,short,213,E14.06,Delta acceleration (this vs prior magnitude),,0.0014,0.9730,0.1,6869,
W-ALL,short,214,E23.08,Effort acceleration vs prior,,0.0014,0.9744,0.6,6869,
W-ALL,short,215,E21.04,BUILD streak / DRAIN streak lengths,,0.0013,0.9757,-2.2,6855,
W-ALL,short,216,B-P3.08,Both-hot bucket count,,0.0013,0.9771,31.7,6869,
W-ALL,short,217,B-P3.09,Peak-E/R bucket position,,0.0013,0.9784,2.0,6869,
W-ALL,short,218,E07.04,Percentile / z vs trailing window,,0.0013,0.9797,1.8,6104,
W-ALL,short,219,E23.06,Hot streak length,,0.0013,0.9810,1.6,6855,
W-ALL,short,220,E37.01,Absolute absorbed volume + side,,0.0013,0.9822,-0.4,6869,
W-ALL,short,221,E07.01,Raw fraction 0..1,,0.0012,0.9834,1.6,6834,G02.1
W-ALL,short,222,B-P2.03,Spread: bull% - bear%,,0.0012,0.9846,0.2,6869,
W-ALL,short,223,E20.08,Churn acceleration,,0.0012,0.9858,0.5,6869,
W-ALL,short,224,E43.02,Percentile / z of the share,,0.0011,0.9870,1.1,6855,
W-ALL,short,225,E36.05,s slope over last 5 buckets,,0.0011,0.9881,0.8,6869,
W-ALL,short,226,K.12,POC-baseline slope + consecutive-side streak,,0.0011,0.9892,4.7,6645,
W-ALL,short,227,E15.04,Percentile / z vs window,,0.0011,0.9903,1.6,6855,
W-ALL,short,228,E17.06,Day-rank of opS,,0.0010,0.9913,0.2,6866,
W-ALL,short,229,E18.07,clL acceleration,,0.0010,0.9922,1.4,6869,
W-ALL,short,230,E10.01,Raw 0..1 position,,0.0009,0.9932,1.5,6834,G10.1
W-ALL,short,231,E36.01,Raw s,,0.0008,0.9940,0.2,6869,
W-ALL,short,232,E24.08,Effort acceleration,,0.0008,0.9948,0.4,6869,
W-ALL,short,233,E23.01,Raw value / log value,,0.0007,0.9956,-0.4,6869,
W-ALL,short,234,E15.05,One-sidedness streak,,0.0007,0.9963,0.4,6855,
W-ALL,short,235,B-P2.09,Peak eff-agg bucket position,,0.0007,0.9970,0.6,6869,
W-ALL,short,236,G04.1,Price moved per net contract (efficiency of aggression),,0.0007,0.9976,0.4,6869,
W-ALL,short,237,E38.06,Eff-agg streak per side,,0.0005,0.9981,-0.1,6855,
W-ALL,short,238,B-P1.08,Trajectory slope across the selection,,0.0005,0.9987,0.5,6869,
W-ALL,short,239,E57.01,Swept prior HIGH (Y/N) / swept prior LOW (Y/N),,0.0004,0.9991,-0.6,6834,
W-ALL,short,240,E47.10,Acceleration vs prior bucket,,0.0003,0.9994,-0.7,6869,
W-ALL,short,241,E48.10,Acceleration,,0.0003,0.9996,0.5,6869,
W-ALL,short,242,C.04,Path class: trend / range / V-shape,,0.0002,0.9998,0.2,6869,
W-ALL,short,243,B-P1.11,Entry-bucket raw (un-smoothed) hover value,,0.0002,1.0000,0.2,6869,
W-ALL,short,244,B-P1.04,Dominant side label,,0.0000,1.0000,0.0,6869,
W-STAT,short,1,E48.06,Day-rank,,0.0184,0.0184,17.7,6866,
W-STAT,short,2,E51.01,Volume per bin (vector feature),,0.0168,0.0353,7.3,2300,
W-STAT,short,3,E32.07,Percentile vs history,,0.0162,0.0514,-11.2,6645,
W-STAT,short,4,B-S.10,Sum ClS,,0.0144,0.0658,1.4,6869,
W-STAT,short,5,E49.05,Percentile of total fraction,,0.0143,0.0801,11.9,6645,
W-STAT,short,6,E51.07,z / percentile of large share,,0.0123,0.0924,-1.8,2270,
W-STAT,short,7,E51.08,Large-share streak,,0.0117,0.1041,-7.4,2270,
W-STAT,short,8,E01.01,UTC hour-of-day (0-23),,0.0116,0.1157,-5.2,6869,
W-STAT,short,9,E02.01,UTC hour-of-day at close,,0.0116,0.1272,-5.2,6869,
W-STAT,short,10,K.11,Close vs POC baseline: side + distance,,0.0115,0.1388,-2.4,6646,
W-STAT,short,11,E47.06,Day-rank,,0.0115,0.1503,4.3,6866,
W-STAT,short,12,E55.09,Percentile-window fill health,,0.0114,0.1617,4.0,6644,
W-STAT,short,13,K.09,Squeeze flag: bandwidth in bottom percentile,,0.0112,0.1729,-10.2,6645,
W-STAT,short,14,E03.08,Duration acceleration: ratio vs prior bucket,,0.0111,0.1840,0.5,6869,
W-STAT,short,15,B-S.07,Sum OpL,,0.0111,0.1951,0.9,6869,
W-STAT,short,16,K.04,Bandwidth: (upper - lower) / mid,,0.0110,0.2061,-11.7,6865,
W-STAT,short,17,E57.03,Depth percentile vs window,,0.0103,0.2164,7.9,6610,
W-STAT,short,18,C.05,Max drawup and drawdown within the 15,,0.0102,0.2266,-7.9,6869,
W-STAT,short,19,E54.05,Tier-dwell streak,,0.0099,0.2365,-2.9,6855,
W-STAT,short,20,E32.01,Current size,,0.0096,0.2461,-2.2,6869,
W-STAT,short,21,B-S.03,Total volume,,0.0094,0.2555,-3.5,6869,
W-STAT,short,22,E03.01,Raw seconds / log-duration,,0.0094,0.2649,11.9,6869,G01.1
W-STAT,short,23,E50.09,Large-count streak,,0.0093,0.2742,-5.2,2270,
W-STAT,short,24,E20.01,churn / vol fraction,,0.0093,0.2835,-4.4,6869,
W-STAT,short,25,E03.07,Fast/slow STREAK length (consecutive buckets same class),,0.0092,0.2927,-2.8,6855,
W-STAT,short,26,E47.02,z / percentile vs window,,0.0092,0.3019,-0.5,6855,
W-STAT,short,27,C.08,Dominant 12-state verdict over the 15,,0.0091,0.3110,18.1,6869,
W-STAT,short,28,B-P1.06,Absolute bear V*s over the selection,,0.0090,0.3200,-9.0,6869,
W-STAT,short,29,E48.02,z / percentile,,0.0089,0.3290,9.2,6855,
W-STAT,short,30,E48.05,Liq-long streak,,0.0088,0.3378,8.5,6855,
W-STAT,short,31,E50.01,Counts per bin (vector feature),,0.0086,0.3464,2.3,2300,
W-STAT,short,32,B-S.09,Sum ClL,,0.0076,0.3540,4.7,6869,
W-STAT,short,33,B-P4.09,Peak gated score + its bucket position,,0.0075,0.3615,3.8,6869,
W-STAT,short,34,E52.01,large-order net side (APPROX fixed-273c),,0.0073,0.3688,5.5,2300,
W-STAT,short,35,E50.08,Large-count percentile vs window,,0.0072,0.3759,-5.1,2299,
W-STAT,short,36,E19.02,z / percentile,,0.0070,0.3830,-1.9,6855,
W-STAT,short,37,C.06,Realized volatility of the 15,,0.0070,0.3899,-10.0,6869,
W-STAT,short,38,B-S.08,Sum OpS,,0.0068,0.3968,-2.8,6869,
W-STAT,short,39,E12.06,Day-rank of buy volume,,0.0068,0.4036,-6.5,6866,
W-STAT,short,40,B-P4.04,Opposite side's percentage,,0.0068,0.4104,6.8,6869,
W-STAT,short,41,B-P3.06,Aggregate seller multiple vs baseline,,0.0067,0.4171,3.5,6869,B-S.12
W-STAT,short,42,E20.07,Day-rank of churn,,0.0064,0.4235,-9.4,6866,
W-STAT,short,43,E12.01,Buy share: buy_vol / curr_vol,,0.0064,0.4299,-5.2,6869,
W-STAT,short,44,E12.08,Log buy volume,,0.0064,0.4363,-5.2,6869,
W-STAT,short,45,E47.05,Liq-short streak,,0.0064,0.4427,-7.9,6855,
W-STAT,short,46,B-P3.07,Hot-bucket count (>=1.5x) in selection,,0.0064,0.4491,0.0,6869,
W-STAT,short,47,E38.03,Day-rank,,0.0064,0.4554,-2.3,6866,
W-STAT,short,48,E54.03,z / percentile vs trailing 240,,0.0063,0.4618,3.8,6855,
W-STAT,short,49,E05.01,Absolute range / range in ticks,,0.0063,0.4681,-6.9,6869,
W-STAT,short,50,E42.01,Traded-level count,,0.0062,0.4743,-6.6,6869,E45.01
W-STAT,short,51,E45.02,Dispersion percentile vs window,,0.0062,0.4805,-4.2,6645,
W-STAT,short,52,E54.01,Current value,,0.0061,0.4866,-7.4,6869,
W-STAT,short,53,B-P4.01,Current exhaustion value (badge),,0.0059,0.4925,7.4,6869,B-P4.03
W-STAT,short,54,E05.02,Range percentile vs trailing 30/240,,0.0059,0.4984,-5.4,6645,
W-STAT,short,55,B-P2.08,Trajectory slope across the selection,,0.0058,0.5042,-1.6,6869,
W-STAT,short,56,E25.01,Raw dispersion (ticks),,0.0057,0.5100,-6.9,6869,
W-STAT,short,57,B-P2.07,Sum: eff-agg share of selection volume,,0.0057,0.5156,-2.0,6869,
W-STAT,short,58,E17.08,opS acceleration,,0.0056,0.5213,-0.9,6869,
W-STAT,short,59,B-P2.02,Bear eff-agg percentage (badge),,0.0055,0.5268,6.7,6869,
W-STAT,short,60,B-P1.03,Spread: bull% - bear%,,0.0055,0.5323,-1.8,6869,
W-STAT,short,61,B-P2.01,Bull eff-agg percentage (badge),,0.0055,0.5378,-6.6,6869,
W-STAT,short,62,B-P4.02,LAST EXHAUSTED SIDE (bull / bear),,0.0055,0.5433,4.2,6869,
W-STAT,short,63,B-P4.05,Spread between the two sides,,0.0055,0.5488,7.2,6869,
W-STAT,short,64,K.08,Channel slope (mid-line drift over N buckets),,0.0054,0.5542,-5.0,6865,
W-STAT,short,65,C.03,Linear-fit slope + R-squared (trendiness),,0.0054,0.5596,-2.0,6869,
W-STAT,short,66,E08.01,Upper wick size / lower wick size (ticks),,0.0052,0.5648,-6.8,6834,
W-STAT,short,67,E20.04,High-churn streak,,0.0051,0.5700,-5.1,6855,
W-STAT,short,68,B-S.06,Net dOI,,0.0050,0.5750,-4.2,6869,
W-STAT,short,69,E08.08,Wick percentile vs trailing window,,0.0049,0.5799,-2.5,6610,
W-STAT,short,70,E19.07,clS acceleration,,0.0049,0.5848,-1.4,6869,
W-STAT,short,71,E18.04,clL streak (sustained unwind),,0.0047,0.5895,4.3,6855,
W-STAT,short,72,E18.02,z / percentile,,0.0047,0.5942,-0.5,6855,
W-STAT,short,73,B-P1.10,Validated-dot (s>=0.60) count in selection,,0.0047,0.5988,3.7,6869,
W-STAT,short,74,E24.02,z vs trailing-30,,0.0046,0.6035,2.2,6855,
W-STAT,short,75,E19.01,clS / vol fraction,,0.0046,0.6081,2.1,6869,
W-STAT,short,76,E16.08,opL acceleration vs prior bucket,,0.0046,0.6126,-0.8,6869,
W-STAT,short,77,B-P2.05,Absolute bull V*(1-s) over the selection,,0.0046,0.6172,-5.0,6869,
W-STAT,short,78,E45.06,Fat/thin streak,,0.0045,0.6218,-3.0,6855,
W-STAT,short,79,E28.01,Raw multiple,,0.0045,0.6263,3.2,6869,
W-STAT,short,80,E43.01,POC share of curr_vol,,0.0045,0.6308,4.0,6869,
W-STAT,short,81,E06.01,Sign (direction) and magnitude,,0.0044,0.6353,6.2,6869,E06.10
W-STAT,short,82,E06.02,Log return of the body,,0.0044,0.6397,-4.0,6869,
W-STAT,short,83,E32.03,Slope of target over the day,,0.0044,0.6441,-0.8,6869,
W-STAT,short,84,C.10,Cumulative dOI over the 15,,0.0043,0.6485,-3.7,6869,
W-STAT,short,85,E12.03,Buy-dominance streak (share > 0.5),,0.0043,0.6527,-5.3,6855,
W-STAT,short,86,K.05,"Entry close position inside the channel, 0..1",,0.0043,0.6570,-4.6,6865,
W-STAT,short,87,E14.09,Day-rank of abs(delta),,0.0042,0.6612,-4.8,6866,
W-STAT,short,88,B-P4.10,Crossover-diamond count in the selection,,0.0042,0.6653,11.1,6869,
W-STAT,short,89,E33.06,Slope over the selection window,,0.0040,0.6694,1.4,6869,
W-STAT,short,90,E03.03,Duration z-score vs trailing window,,0.0040,0.6734,-3.9,6855,
W-STAT,short,91,E18.01,clL / vol fraction,,0.0040,0.6774,3.0,6869,
W-STAT,short,92,B-P1.02,Bear absorption percentage (badge),,0.0040,0.6814,-3.8,6869,
W-STAT,short,93,E25.06,Narrow/wide streak,,0.0039,0.6853,-0.6,6855,
W-STAT,short,94,E20.03,z / percentile,,0.0039,0.6892,-0.6,6855,
W-STAT,short,95,B-P1.01,Bull absorption percentage (badge),,0.0039,0.6930,3.7,6869,
W-STAT,short,96,B-P3.02,Seller-side percentage (badge),,0.0038,0.6969,2.4,6869,
W-STAT,short,97,E43.10,Day-rank of POC share,,0.0038,0.7007,5.5,6866,
W-STAT,short,98,B-P3.01,Buyer-side percentage (badge),,0.0038,0.7045,-2.4,6869,
W-STAT,short,99,E05.07,Expanding/contracting range STREAK,,0.0038,0.7083,-2.1,6855,
W-STAT,short,100,G03.1,delta and delta fraction (the canonical pair),,0.0037,0.7120,-4.3,6869,
W-STAT,short,101,C.12,Sweep-event count in the 15,,0.0037,0.7157,-5.7,6869,
W-STAT,short,102,E14.04,Same-sign delta streak (pressure persistence),,0.0037,0.7194,-4.6,6855,
W-STAT,short,103,E37.05,Absorption streak per side,,0.0037,0.7231,1.9,6855,
W-STAT,short,104,E38.02,Percentile / z,,0.0037,0.7268,-1.2,6855,
W-STAT,short,105,B-P3.04,Dominant side label,,0.0037,0.7305,2.8,6869,
W-STAT,short,106,E24.06,Hot streak,,0.0037,0.7341,4.9,6855,
W-STAT,short,107,E16.04,opL streak (persistent long initiative),,0.0036,0.7378,-0.5,6855,
W-STAT,short,108,E21.10,Day-rank of |dOI|,,0.0036,0.7414,-3.1,6866,
W-STAT,short,109,E38.01,Absolute eff-agg + side,,0.0036,0.7450,-1.8,6869,
W-STAT,short,110,E54.04,Slope over last N buckets,,0.0036,0.7486,3.1,6869,
W-STAT,short,111,E28.09,Day-rank of speed,,0.0036,0.7522,1.6,6866,
W-STAT,short,112,E24.04,Percentile,,0.0036,0.7558,1.0,6645,
W-STAT,short,113,E43.05,Dominant-POC streak,,0.0035,0.7593,3.8,6855,
W-STAT,short,114,E37.06,Absorption acceleration,,0.0035,0.7628,1.5,6869,
W-STAT,short,115,E17.04,opS streak,,0.0035,0.7663,0.8,6855,
W-STAT,short,116,C.02,Net % change over the 15,,0.0035,0.7698,-2.7,6869,
W-STAT,short,117,E54.02,Tier: calm / warn / toxic (adaptive percentiles),,0.0034,0.7733,-1.6,6645,E55.01
W-STAT,short,118,E24.09,Day-rank,,0.0034,0.7767,1.2,6866,
W-STAT,short,119,C.11,Compression share (buckets under 0.6 ATR),,0.0034,0.7801,-2.3,6869,
W-STAT,short,120,E37.03,Day-rank of absorbed volume,,0.0033,0.7834,1.9,6866,
W-STAT,short,121,E25.02,Percentile / z vs window,,0.0033,0.7868,-3.2,6855,
W-STAT,short,122,E05.03,Range z-score,,0.0033,0.7901,-3.2,6855,
W-STAT,short,123,B-S.14,Selection range + net price change %,,0.0033,0.7933,-3.4,6869,
W-STAT,short,124,E03.02,Duration percentile vs trailing 30 and 240 buckets,,0.0032,0.7965,-2.1,6645,
W-STAT,short,125,E13.03,Sell-dominance streak,,0.0032,0.7998,3.2,6855,
W-STAT,short,126,E22.01,OPEN_OI ramp value (0.10-0.50),,0.0032,0.8030,1.8,6869,
W-STAT,short,127,E57.05,Sweep magnitude z,,0.0032,0.8062,3.1,6094,
W-STAT,short,128,E21.01,Sign: BUILD vs DRAIN,,0.0032,0.8094,6.5,6869,
W-STAT,short,129,E16.01,opL / vol fraction,,0.0032,0.8125,-1.0,6869,
W-STAT,short,130,B-P3.05,Aggregate buyer multiple vs trailing baseline,,0.0031,0.8157,0.6,6869,B-S.11
W-STAT,short,131,B-P2.04,Dominant side label,,0.0031,0.8188,2.4,6869,
W-STAT,short,132,E12.02,Buy z-score / percentile vs trailing window,,0.0031,0.8219,-2.2,6855,
W-STAT,short,133,E06.04,Same-direction streak length,,0.0031,0.8250,-2.3,6855,
W-STAT,short,134,G06.1,Net OI change + open:close ratio,,0.0030,0.8280,-2.0,6869,
W-STAT,short,135,E14.03,Delta z-score / percentile,,0.0030,0.8311,-2.2,6855,
W-STAT,short,136,E36.04,High-s streak,,0.0030,0.8341,2.9,6855,
W-STAT,short,137,E45.05,z-score of dispersion,,0.0030,0.8371,-3.2,6855,
W-STAT,short,138,E16.06,Day-rank of opL,,0.0030,0.8402,-2.5,6866,
W-STAT,short,139,E60.01,State label (categorical) + one-hot vector,,0.0030,0.8432,7.4,6869,E62.01
W-STAT,short,140,E56.06,ATR percentile vs day,,0.0030,0.8461,-2.3,6645,
W-STAT,short,141,B-S.05,Net delta + delta percentage,,0.0030,0.8491,-2.1,6869,
W-STAT,short,142,E23.04,Percentile vs window,,0.0030,0.8521,-2.6,6645,
W-STAT,short,143,K.07,Distance to nearest band (ticks and ATRs),,0.0030,0.8551,-4.2,6865,
W-STAT,short,144,E28.06,Speed streak (consecutive > 1x),,0.0029,0.8580,1.9,6855,
W-STAT,short,145,E13.02,Sell z-score / percentile,,0.0029,0.8609,2.6,6855,
W-STAT,short,146,E17.02,z-score / percentile,,0.0029,0.8638,-0.5,6855,
W-STAT,short,147,E13.06,Day-rank of sell volume,,0.0029,0.8667,-0.5,6866,
W-STAT,short,148,E19.08,Day-rank of clS,,0.0028,0.8695,3.2,6866,
W-STAT,short,149,B-P1.05,Absolute bull V*s over the selection,,0.0028,0.8723,-0.4,6869,
W-STAT,short,150,E23.09,Day-rank of buyer effort,,0.0028,0.8751,-2.2,6866,
W-STAT,short,151,E13.10,Sell-share slope over trailing 5 buckets,,0.0027,0.8778,3.2,6869,
W-STAT,short,152,E39.04,Consecutive-dot streak,,0.0027,0.8805,4.6,6855,
W-STAT,short,153,E23.02,z vs trailing-30 (the baseline convention),,0.0026,0.8831,-1.3,6855,
W-STAT,short,154,E10.07,Persistently-high/low POC streak,,0.0026,0.8857,0.7,6104,
W-STAT,short,155,E21.03,z / percentile,,0.0026,0.8882,-0.5,6855,
W-STAT,short,156,C.01,Direction over the 15: net UP or DOWN,,0.0026,0.8908,7.8,6869,
W-STAT,short,157,E24.01,Raw value / log value,,0.0025,0.8933,1.1,6869,
W-STAT,short,158,E16.02,z-score / percentile vs window,,0.0025,0.8958,-0.1,6855,
W-STAT,short,159,B-P2.11,Entry-bucket raw value,,0.0025,0.8983,-2.1,6869,
W-STAT,short,160,C.09,Cumulative delta over the 15,,0.0025,0.9008,-1.9,6869,
W-STAT,short,161,E17.01,opS / vol fraction,,0.0025,0.9033,0.7,6869,
W-STAT,short,162,E33.01,Buyer multiplier / seller multiplier values,,0.0024,0.9057,2.9,6869,
W-STAT,short,163,E06.03,Body percentile / z-score vs window,,0.0024,0.9081,-2.9,6855,
W-STAT,short,164,E21.08,dOI acceleration,,0.0024,0.9105,-0.5,6869,
W-STAT,short,165,E56.05,ATR slope (vol regime drift),,0.0024,0.9129,-0.2,6851,
W-STAT,short,166,B-P2.06,Absolute bear V*(1-s) over the selection,,0.0024,0.9152,0.8,6869,
W-STAT,short,167,E37.02,Percentile / z vs window,,0.0023,0.9176,2.4,6855,
W-STAT,short,168,B-P2.10,Dominance-flip count across the selection,,0.0023,0.9199,2.9,6869,
W-STAT,short,169,E07.05,Trend-bar streak length,,0.0023,0.9222,1.6,6104,
W-STAT,short,170,C.07,Higher-highs / lower-lows counts,,0.0023,0.9244,0.4,6869,
W-STAT,short,171,E56.01,ATR value,,0.0023,0.9267,-2.7,6855,
W-STAT,short,172,E18.08,Day-rank of clL,,0.0023,0.9290,2.0,6866,
W-STAT,short,173,E13.01,Sell share: sell_vol / curr_vol,,0.0022,0.9312,-0.9,6869,
W-STAT,short,174,E13.08,Log sell volume,,0.0022,0.9334,-0.9,6869,
W-STAT,short,175,E36.03,Percentile / z vs window,,0.0022,0.9356,1.5,6855,
W-STAT,short,176,E38.07,Acceleration,,0.0022,0.9378,0.5,6869,
W-STAT,short,177,B-P1.07,Sum: absorbed share of selection volume,,0.0022,0.9400,0.8,6869,
W-STAT,short,178,E19.04,clS streak,,0.0021,0.9421,2.0,6855,
W-STAT,short,179,E10.04,Percentile vs trailing window,,0.0021,0.9443,2.5,6610,
W-STAT,short,180,E28.07,Speed acceleration vs prior,,0.0021,0.9464,-0.3,6869,
W-STAT,short,181,B-P3.10,Entry-bucket raw value,,0.0021,0.9485,-2.7,6869,
W-STAT,short,182,B-P3.03,Spread: buyer% - seller%,,0.0021,0.9505,0.6,6869,
W-STAT,short,183,E12.10,Buy-share slope over trailing 5 buckets,,0.0020,0.9525,-2.2,6869,
W-STAT,short,184,B-P1.09,Peak-absorption bucket position (0..15),,0.0020,0.9545,2.0,6869,
W-STAT,short,185,E15.01,Raw fraction,,0.0020,0.9565,-1.6,6869,
W-STAT,short,186,E33.05,Percentile of each vs day,,0.0019,0.9584,2.1,6645,
W-STAT,short,187,E14.01,Sign and magnitude,,0.0019,0.9603,1.4,6869,
W-STAT,short,188,K.06,Zone tag: above / upper-half / lower-half / below,,0.0018,0.9622,2.1,6865,
W-STAT,short,189,E28.05,Percentile / z vs window,,0.0018,0.9640,-1.2,6855,
W-STAT,short,190,E14.06,Delta acceleration (this vs prior magnitude),,0.0018,0.9658,0.1,6869,
W-STAT,short,191,E23.08,Effort acceleration vs prior,,0.0018,0.9676,0.6,6869,
W-STAT,short,192,E21.04,BUILD streak / DRAIN streak lengths,,0.0017,0.9693,-2.2,6855,
W-STAT,short,193,B-P3.08,Both-hot bucket count,,0.0017,0.9710,31.7,6869,
W-STAT,short,194,B-P3.09,Peak-E/R bucket position,,0.0017,0.9726,2.0,6869,
W-STAT,short,195,E07.04,Percentile / z vs trailing window,,0.0016,0.9743,1.8,6104,
W-STAT,short,196,E23.06,Hot streak length,,0.0016,0.9759,1.6,6855,
W-STAT,short,197,E37.01,Absolute absorbed volume + side,,0.0016,0.9775,-0.4,6869,
W-STAT,short,198,E07.01,Raw fraction 0..1,,0.0015,0.9790,1.6,6834,G02.1
W-STAT,short,199,B-P2.03,Spread: bull% - bear%,,0.0015,0.9805,0.2,6869,
W-STAT,short,200,E20.08,Churn acceleration,,0.0015,0.9821,0.5,6869,
W-STAT,short,201,E43.02,Percentile / z of the share,,0.0014,0.9835,1.1,6855,
W-STAT,short,202,E36.05,s slope over last 5 buckets,,0.0014,0.9850,0.8,6869,
W-STAT,short,203,K.12,POC-baseline slope + consecutive-side streak,,0.0014,0.9864,4.7,6645,
W-STAT,short,204,E15.04,Percentile / z vs window,,0.0013,0.9877,1.6,6855,
W-STAT,short,205,E17.06,Day-rank of opS,,0.0012,0.9890,0.2,6866,
W-STAT,short,206,E18.07,clL acceleration,,0.0012,0.9902,1.4,6869,
W-STAT,short,207,E10.01,Raw 0..1 position,,0.0012,0.9913,1.5,6834,G10.1
W-STAT,short,208,E36.01,Raw s,,0.0011,0.9924,0.2,6869,
W-STAT,short,209,E24.08,Effort acceleration,,0.0011,0.9935,0.4,6869,
W-STAT,short,210,E23.01,Raw value / log value,,0.0009,0.9944,-0.4,6869,
W-STAT,short,211,E15.05,One-sidedness streak,,0.0009,0.9953,0.4,6855,
W-STAT,short,212,B-P2.09,Peak eff-agg bucket position,,0.0009,0.9961,0.6,6869,
W-STAT,short,213,G04.1,Price moved per net contract (efficiency of aggression),,0.0008,0.9970,0.4,6869,
W-STAT,short,214,E38.06,Eff-agg streak per side,,0.0007,0.9977,-0.1,6855,
W-STAT,short,215,B-P1.08,Trajectory slope across the selection,,0.0007,0.9983,0.5,6869,
W-STAT,short,216,E57.01,Swept prior HIGH (Y/N) / swept prior LOW (Y/N),,0.0005,0.9988,-0.6,6834,
W-STAT,short,217,E47.10,Acceleration vs prior bucket,,0.0004,0.9992,-0.7,6869,
W-STAT,short,218,E48.10,Acceleration,,0.0003,0.9996,0.5,6869,
W-STAT,short,219,C.04,Path class: trend / range / V-shape,,0.0002,0.9998,0.2,6869,
W-STAT,short,220,B-P1.11,Entry-bucket raw (un-smoothed) hover value,,0.0002,1.0000,0.2,6869,
W-STAT,short,221,B-P1.04,Dominant side label,,0.0000,1.0000,0.0,6869,
