rank,feature,family,approx,kind,n_cats,n_resolved,coverage,top_bin,n_top,tpr_top,bot_bin,n_bot,tpr_bot,effect,ci_lo,ci_hi,eff_blocks,whipf_top,whipf_bot,baseline,note
1,B-P3.08,B-,,cat,3,6869,100.000,2,59,64.407,1,394,32.741,31.666,10.860,54.581,13,18.644,25.888,40.079,
2,E31.01,E,,num,4,6797,98.952,Q4,1699,30.783,Q1,1700,53.471,-22.688,-34.431,-11.457,23,24.308,26.471,40.079,
3,C.08,C,,cat,9,6869,100.000,STRONG BULL,82,54.878,NEUTRAL,3639,36.768,18.110,5.198,28.534,23,26.829,25.556,40.079,
4,E48.06,E,,num,4,6866,99.956,Q4,1717,45.952,Q1,1717,28.247,17.705,5.799,31.063,23,23.063,27.373,40.079,
5,B-S.02,B-,,num,4,6869,100.000,Q4,1717,48.224,Q1,1718,31.315,16.908,6.509,29.054,23,25.859,23.166,40.079,
6,E11.05,E,,num,4,6855,99.796,Q4,1709,34.406,Q1,1759,48.948,-14.542,-24.778,-4.608,23,24.927,27.459,40.079,
7,E29.01,E,,num,4,6797,98.952,Q4,1699,33.549,Q1,1700,47.471,-13.921,-22.301,-5.862,23,26.310,26.412,40.079,
8,G08.1,G,,num,4,6797,98.952,Q4,1699,33.549,Q1,1700,47.471,-13.921,-22.301,-5.862,23,26.310,26.412,40.079,
9,B-S.13,B-,,num,4,6869,100.000,Q4,1717,32.382,Q1,1718,46.217,-13.834,-25.510,-3.493,23,27.490,27.765,40.079,
10,E11.09,E,,num,3,6866,99.956,Q3,3433,36.324,Q1,1717,49.913,-13.589,-21.101,-3.868,23,23.099,24.927,40.079,
11,E04.01,E,,num,4,6869,100.000,Q4,1702,51.528,Q1,1727,38.274,13.253,2.376,32.731,19,23.678,21.367,40.079,
12,E04.08,E,,num,4,6869,100.000,Q4,1702,51.528,Q1,1727,38.274,13.253,2.376,32.731,19,23.678,21.367,40.079,
13,E04.09,E,,num,4,6869,100.000,Q4,1702,51.528,Q1,1727,38.274,13.253,2.376,32.731,19,23.678,21.367,40.079,
14,E09.01,E,,num,4,6869,100.000,Q4,1716,50.932,Q1,1725,38.261,12.672,2.140,31.252,20,24.359,21.449,40.079,
15,E03.01,E,,num,4,6869,100.000,Q4,1717,46.069,Q1,1718,34.168,11.901,3.988,19.825,23,25.510,26.717,40.079,
16,G01.1,G,,num,4,6869,100.000,Q4,1717,46.069,Q1,1718,34.168,11.901,3.988,19.825,23,25.510,26.717,40.079,
17,E49.05,E,,num,4,6645,96.739,Q4,1616,47.215,Q1,1757,35.344,11.871,3.455,20.251,23,24.257,25.498,40.079,
18,K.10,K,,num,4,6646,96.754,Q4,1479,48.952,Q1,1743,37.120,11.832,0.172,28.906,16,27.383,21.859,40.079,
19,K.04,K,,num,4,6865,99.942,Q4,1716,36.772,Q1,1717,48.457,-11.685,-24.469,1.359,21,21.970,23.762,40.079,
20,K.02,K,,num,4,6865,99.942,Q4,1716,49.476,Q1,1717,38.148,11.328,1.438,28.185,18,25.583,21.782,40.079,
21,E32.07,E,,num,3,6645,96.739,Q3,3321,34.568,Q1,1665,45.766,-11.198,-21.850,0.919,23,21.771,29.009,40.079,
22,B-P4.10,B-,,cat,5,6869,100.000,3,66,50.000,0,4608,38.867,11.133,-7.695,32.345,23,24.242,23.264,40.079,
23,K.01,K,,num,4,6865,99.942,Q4,1716,49.126,Q1,1717,38.148,10.978,0.661,27.825,18,25.699,21.782,40.079,
24,K.03,K,,num,4,6865,99.942,Q4,1716,48.485,Q1,1717,38.206,10.279,0.021,26.461,18,26.107,21.782,40.079,
25,K.09,K,,num,4,6645,96.739,Q4,1646,32.746,Q1,1685,42.908,-10.162,-20.626,2.237,23,23.086,25.579,40.079,
26,C.06,C,,num,4,6869,100.000,Q4,1717,35.352,Q1,1718,45.343,-9.991,-21.036,0.488,23,23.471,24.913,40.079,
27,E20.07,E,,num,4,6866,99.956,Q4,1717,35.178,Q1,1717,44.613,-9.435,-18.135,0.070,23,23.529,24.869,40.079,
28,E48.02,E,,num,4,6855,99.796,Q4,382,42.670,Q1,1714,33.489,9.181,4.036,14.037,22,17.801,22.695,40.079,
29,B-P1.06,B-,,num,4,6869,100.000,Q4,1717,33.256,Q1,1719,42.292,-9.036,-18.664,0.657,23,24.287,27.051,40.079,
30,E11.02,E,,num,4,6855,99.796,Q4,1714,38.156,Q1,1714,46.791,-8.635,-17.806,1.271,23,21.879,28.530,40.079,
31,E48.05,E,,num,4,6855,99.796,Q4,1704,44.542,Q1,1744,36.067,8.476,0.802,17.721,23,26.115,23.624,40.079,
32,E57.03,E,,num,4,6610,96.229,Q4,1649,41.601,Q1,1655,33.656,7.945,2.817,13.234,23,23.287,25.680,40.079,
33,C.05,C,,num,4,6869,100.000,Q4,1717,36.575,Q1,1719,44.503,-7.927,-18.282,3.297,23,23.005,24.375,40.079,
34,E47.05,E,,num,4,6855,99.796,Q4,1697,35.357,Q1,1738,43.268,-7.912,-24.626,8.340,23,21.803,27.445,40.079,
35,C.01,C,,cat,3,6869,100.000,0,111,46.847,1,3339,39.084,7.763,-0.940,15.762,23,26.126,23.839,40.079,
36,E31.02,E,,num,4,6579,95.778,Q4,1645,37.872,Q1,1645,30.395,7.477,2.380,11.740,23,25.106,23.891,40.079,
37,E54.01,E,,num,4,6869,100.000,Q4,1717,35.993,Q1,1718,43.423,-7.430,-19.582,5.772,23,24.752,22.002,40.079,
38,E60.01,E,,cat,12,6869,100.000,BEAR EXHAUSTION,211,45.498,BEAR TRAP,126,38.095,7.402,-1.407,16.626,23,22.275,23.016,40.079,
39,E62.01,E,,cat,12,6869,100.000,BEAR EXHAUSTION,211,45.498,BEAR TRAP,126,38.095,7.402,-1.407,16.626,23,22.275,23.016,40.079,
40,B-P4.01,B-,,num,4,6869,100.000,Q4,1717,43.448,Q1,1718,36.088,7.359,0.862,14.072,23,24.345,24.854,40.079,
41,B-P4.03,B-,,num,4,6869,100.000,Q4,1717,43.448,Q1,1718,36.088,7.359,0.862,14.072,23,24.345,24.854,40.079,
42,E51.08,E,sz-coverage,num,4,2270,33.047,Q4,566,34.452,Q1,598,41.806,-7.354,-27.671,8.794,7,27.739,24.247,40.079,
43,E51.01,E,sz-coverage,num,4,2300,33.484,Q4,575,41.565,Q1,575,34.261,7.304,-70.556,32.702,6,24.522,19.652,40.079,
44,B-P4.05,B-,,num,4,6869,100.000,Q4,1717,43.215,Q1,1718,35.972,7.243,0.857,13.681,23,24.520,25.378,40.079,
45,E25.01,E,,num,4,6869,100.000,Q4,1717,37.391,Q1,1718,44.296,-6.905,-13.534,-0.633,23,22.772,23.166,40.079,
46,E05.01,E,,num,4,6869,100.000,Q4,1693,36.621,Q1,1918,43.483,-6.861,-14.794,-0.010,23,22.209,24.661,40.079,
47,B-P4.04,B-,,num,2,6869,100.000,Q2,1717,45.195,Q1,5152,38.373,6.822,1.453,12.174,23,25.917,23.680,40.079,
48,E08.01,E,,num,4,6834,99.490,Q4,1543,35.515,Q1,1733,42.297,-6.781,-11.779,-2.206,23,23.331,24.870,40.079,
49,B-P2.02,B-,,num,4,6869,100.000,Q4,1717,44.147,Q1,1718,37.485,6.661,-3.737,16.386,23,24.112,23.050,40.079,
50,B-P2.01,B-,,num,4,6869,100.000,Q4,1717,37.507,Q1,1718,44.121,-6.614,-16.319,3.738,23,23.063,24.156,40.079,
51,E42.01,E,,num,4,6869,100.000,Q4,1686,36.655,Q1,2064,43.266,-6.611,-14.448,0.183,23,22.123,24.952,40.079,
52,E45.01,E,,num,4,6869,100.000,Q4,1686,36.655,Q1,2064,43.266,-6.611,-14.448,0.183,23,22.123,24.952,40.079,
53,E21.01,E,,cat,3,6869,100.000,-1,3035,41.285,0,782,34.783,6.502,0.822,12.730,23,24.514,27.749,40.079,
54,E12.06,E,,num,4,6866,99.956,Q4,1717,34.886,Q1,1717,41.351,-6.465,-13.006,1.068,23,24.520,24.927,40.079,
55,E06.01,E,,cat,3,6869,100.000,0,520,44.423,1,3153,38.249,6.174,1.646,10.262,23,21.731,24.675,40.079,
56,E06.10,E,,cat,3,6869,100.000,0,520,44.423,1,3153,38.249,6.174,1.646,10.262,23,21.731,24.675,40.079,
57,C.12,C,,num,4,6869,100.000,Q4,945,36.402,Q1,1758,42.093,-5.691,-14.593,2.050,23,25.926,23.663,40.079,
58,E43.10,E,,num,4,6866,99.956,Q4,1717,42.632,Q1,1717,37.158,5.475,-0.719,11.395,23,24.112,24.403,40.079,
59,E52.01,E,APPROX(fixed-273c),cat,3,2300,33.484,large-sell,1143,40.157,large-buy,1156,34.689,5.469,-2.199,12.204,7,22.135,22.405,40.079,
60,E31.04,E,,num,4,6573,95.691,Q4,1640,37.866,Q1,1644,43.309,-5.443,-20.835,8.099,23,22.439,23.601,40.079,
61,E05.02,E,,num,4,6645,96.739,Q4,1638,38.828,Q1,1677,44.186,-5.358,-9.534,-0.965,23,22.405,23.494,40.079,
62,E12.03,E,,num,4,6855,99.796,Q4,1349,36.175,Q1,2120,41.462,-5.287,-10.795,0.094,23,24.833,24.104,40.079,
63,E50.09,E,sz-coverage,num,4,2270,33.047,Q4,438,31.735,Q1,787,36.976,-5.241,-12.013,0.814,7,23.744,24.396,40.079,
64,E01.01,E,,num,4,6869,100.000,Q4,1717,33.722,Q1,1718,38.941,-5.219,-12.226,9.941,12,23.937,22.352,40.079,
65,E02.01,E,,num,4,6869,100.000,Q4,1717,33.722,Q1,1718,38.941,-5.219,-12.226,9.941,12,23.937,22.352,40.079,
66,E12.01,E,,num,4,6869,100.000,Q4,1717,35.236,Q1,1718,40.454,-5.218,-14.218,2.622,23,24.345,23.574,40.079,
67,E12.08,E,,num,4,6869,100.000,Q4,1717,35.236,Q1,1718,40.454,-5.218,-14.218,2.622,23,24.345,23.574,40.079,
68,E20.04,E,,num,4,6855,99.796,Q4,1404,36.325,Q1,2958,41.413,-5.088,-9.506,-0.806,23,26.211,23.867,40.079,
69,E50.08,E,sz-coverage,num,4,2299,33.469,Q4,575,33.391,Q1,577,38.475,-5.084,-14.376,8.733,7,23.304,23.397,40.079,
70,K.08,K,,num,4,6865,99.942,Q4,1716,36.014,Q1,1717,41.060,-5.046,-12.894,3.215,23,22.727,22.365,40.079,
71,E09.09,E,,num,4,6645,96.739,Q4,1642,44.032,Q1,1662,38.989,5.042,-10.726,25.823,23,22.412,21.540,40.079,
72,B-P2.05,B-,,num,4,6869,100.000,Q4,1717,36.634,Q1,1719,41.594,-4.960,-15.581,3.926,23,24.228,24.084,40.079,
73,E24.06,E,,num,4,6855,99.796,Q4,1473,43.449,Q1,2519,38.547,4.902,0.999,8.661,23,23.218,24.256,40.079,
74,E14.09,E,,num,4,6866,99.956,Q4,1717,36.925,Q1,1717,41.759,-4.834,-9.184,-0.587,23,25.568,23.122,40.079,
75,K.12,K,,num,2,6645,96.739,Q2,75,45.333,Q1,6570,40.624,4.709,-4.660,15.622,23,22.667,24.003,40.079,
76,B-S.09,B-,,num,4,6869,100.000,Q4,1717,39.546,Q1,1718,34.866,4.680,-3.925,11.553,23,24.170,25.087,40.079,
77,E39.04,E,,num,4,6855,99.796,Q4,478,44.770,Q1,2200,40.136,4.634,0.319,9.362,23,24.268,24.909,40.079,
78,K.05,K,,num,4,6865,99.942,Q4,1716,37.646,Q1,1717,42.225,-4.579,-13.820,5.709,23,22.902,22.073,40.079,
79,E14.04,E,,num,4,6855,99.796,Q4,1320,36.667,Q1,2098,41.230,-4.563,-9.788,0.671,23,24.924,23.832,40.079,
80,E20.01,E,,num,4,6869,100.000,Q4,1717,37.100,Q1,1718,41.502,-4.402,-17.808,4.033,23,23.821,23.283,40.079,
81,G03.1,G,,num,4,6869,100.000,Q4,1717,37.624,Q1,1718,41.967,-4.344,-8.777,0.244,23,25.277,22.817,40.079,
82,E18.04,E,,num,4,6855,99.796,Q4,994,41.247,Q1,1887,36.990,4.258,-0.322,9.687,23,23.843,25.066,40.079,
83,E47.06,E,,num,4,6866,99.956,Q4,1717,44.089,Q1,1717,39.837,4.252,-6.922,12.799,22,22.772,25.044,40.079,
84,E45.02,E,,num,4,6645,96.739,Q4,1656,39.251,Q1,1672,43.481,-4.230,-8.210,0.303,23,22.524,23.864,40.079,
85,B-P4.02,B-,,cat,2,6869,100.000,bull,3111,42.366,bear,3758,38.185,4.181,-1.202,9.624,23,22.597,25.599,40.079,
86,K.07,K,,num,4,6865,99.942,Q4,1716,38.054,Q1,1717,42.225,-4.171,-9.201,1.190,23,28.963,19.103,40.079,
87,B-S.06,B-,,num,4,6869,100.000,Q4,1717,36.284,Q1,1718,40.454,-4.170,-14.437,5.866,23,23.296,26.135,40.079,
88,E06.02,E,,num,4,6869,100.000,Q4,1636,37.103,Q1,1770,41.130,-4.027,-6.748,-0.873,23,24.939,23.107,40.079,
89,E43.01,E,,num,4,6869,100.000,Q4,1717,41.759,Q1,1718,37.776,3.982,-2.556,11.164,23,23.937,22.992,40.079,
90,E55.09,E,,num,4,6644,96.724,Q4,1647,38.373,Q1,1677,34.407,3.966,-6.760,13.009,23,26.230,28.205,40.079,
91,E03.03,E,,num,4,6855,99.796,Q4,1714,37.223,Q1,1714,41.132,-3.909,-8.034,0.873,23,24.212,25.438,40.079,
92,B-P1.02,B-,,num,4,6869,100.000,Q4,1717,39.255,Q1,1720,43.081,-3.827,-12.174,4.915,23,26.034,26.686,40.079,
93,B-P4.09,B-,,num,4,6869,100.000,Q4,1715,39.184,Q1,1725,35.362,3.821,-3.374,11.503,23,25.073,25.797,40.079,
94,E54.03,E,,num,4,6855,99.796,Q4,1714,39.673,Q1,1714,35.881,3.792,-4.143,12.812,23,25.554,24.796,40.079,
95,E43.05,E,,num,4,6855,99.796,Q4,1291,43.842,Q1,2449,40.057,3.785,0.937,6.740,23,22.386,24.336,40.079,
96,C.10,C,,num,4,6869,100.000,Q4,1717,36.808,Q1,1718,40.512,-3.704,-13.872,6.208,23,22.889,26.135,40.079,
97,B-P1.01,B-,,num,4,6869,100.000,Q4,1716,43.007,Q1,1719,39.325,3.682,-5.109,11.992,23,26.690,26.003,40.079,
98,B-P1.10,B-,,num,4,6869,100.000,Q4,1472,43.886,Q1,2729,40.235,3.651,-3.041,9.172,23,23.030,25.174,40.079,
99,B-S.03,B-,,num,4,6869,100.000,Q4,1717,38.730,Q1,1718,42.258,-3.528,-22.831,10.318,21,22.772,22.468,40.079,
100,B-P3.06,B-,,num,4,6869,100.000,Q4,1717,42.982,Q1,1718,39.464,3.517,-2.677,9.569,23,25.743,24.854,40.079,
101,B-S.12,B-,,num,4,6869,100.000,Q4,1717,42.982,Q1,1718,39.464,3.517,-2.677,9.569,23,25.743,24.854,40.079,
102,B-S.14,B-,,num,4,6869,100.000,Q4,1717,37.624,Q1,1718,41.036,-3.412,-11.262,4.959,23,21.957,24.098,40.079,
103,E19.08,E,,num,4,6866,99.956,Q4,1717,41.118,Q1,1718,37.893,3.225,-1.421,8.593,23,23.762,26.193,40.079,
104,E25.02,E,,num,4,6855,99.796,Q4,1714,39.557,Q1,1714,42.765,-3.209,-6.185,-0.493,23,24.562,22.695,40.079,
105,E13.03,E,,num,4,6855,99.796,Q4,1331,41.397,Q1,2081,38.203,3.195,-2.131,8.707,23,23.216,24.315,40.079,
106,E13.10,E,,num,4,6869,100.000,Q4,1717,41.701,Q1,1718,38.533,3.167,0.833,5.289,23,23.005,24.272,40.079,
107,E28.01,E,,num,4,6869,100.000,Q4,1717,39.953,Q1,1718,36.787,3.166,-1.467,7.409,23,26.150,24.272,40.079,
108,E45.05,E,,num,4,6855,99.796,Q4,1714,39.382,Q1,1714,42.532,-3.151,-6.459,-0.376,23,23.221,23.862,40.079,
109,E05.03,E,,num,4,6855,99.796,Q4,1714,39.557,Q1,1714,42.707,-3.151,-6.460,-0.375,23,23.221,23.629,40.079,
110,E57.05,E,,num,4,6094,88.717,Q4,1524,42.323,Q1,1524,39.173,3.150,-0.727,6.709,23,22.441,25.328,40.079,
111,E21.10,E,,num,4,6866,99.956,Q4,1717,38.148,Q1,1717,41.293,-3.145,-7.264,0.963,23,23.296,23.704,40.079,
112,E54.04,E,,num,4,6869,100.000,Q4,1717,40.478,Q1,1718,37.427,3.050,-2.165,9.062,23,24.636,24.796,40.079,
113,E45.06,E,,num,4,6855,99.796,Q4,1506,39.841,Q1,2239,42.832,-2.991,-6.313,0.396,23,23.240,24.073,40.079,
114,E18.01,E,,num,3,6869,100.000,Q3,1717,41.526,Q1,3435,38.574,2.952,-0.887,6.501,23,23.122,24.716,40.079,
115,E33.01,E,,num,4,6869,100.000,Q4,1717,41.351,Q1,1718,38.417,2.934,0.305,5.637,23,23.762,23.458,40.079,
116,E54.05,E,,num,4,6855,99.796,Q4,1712,35.339,Q1,1733,38.257,-2.919,-14.249,8.649,23,26.986,25.793,40.079,
117,B-P2.10,B-,,num,3,6869,100.000,Q3,1178,42.615,Q1,5048,39.719,2.896,-2.292,7.836,23,25.552,24.089,40.079,
118,E36.04,E,,num,4,6855,99.796,Q4,1233,43.147,Q1,2255,40.266,2.881,0.197,5.891,23,22.790,25.011,40.079,
119,E06.03,E,,num,4,6855,99.796,Q4,1714,38.798,Q1,1714,41.657,-2.859,-5.295,-0.316,23,25.029,23.221,40.079,
120,B-P3.04,B-,,cat,2,6869,100.000,seller,3606,41.403,buyer,3263,38.615,2.788,-4.240,9.297,23,24.515,23.935,40.079,
121,B-S.08,B-,,num,4,6869,100.000,Q4,1717,36.109,Q1,1718,38.882,-2.773,-14.518,8.535,23,23.296,23.690,40.079,
122,E03.07,E,,num,4,6855,99.796,Q4,1507,35.036,Q1,1778,37.795,-2.759,-8.786,4.013,23,25.547,26.434,40.079,
123,E56.01,E,,num,4,6855,99.796,Q4,1714,39.207,Q1,1714,41.949,-2.742,-5.767,-0.044,23,23.512,23.746,40.079,
124,C.02,C,,num,4,6869,100.000,Q4,1717,37.449,Q1,1718,40.163,-2.714,-10.033,5.092,23,22.831,24.971,40.079,
125,B-P3.10,B-,,num,4,6869,100.000,Q4,1717,38.672,Q1,1718,41.327,-2.655,-7.168,1.858,23,25.393,24.156,40.079,
126,E23.04,E,,num,4,6645,96.739,Q4,1647,39.769,Q1,1688,42.417,-2.648,-7.508,1.961,23,23.679,23.697,40.079,
127,E13.02,E,,num,4,6855,99.796,Q4,1714,41.424,Q1,1714,38.856,2.567,-0.934,6.224,23,23.454,25.613,40.079,
128,E08.08,E,,num,4,6610,96.229,Q4,1653,38.052,Q1,1665,40.601,-2.549,-4.889,0.378,23,22.807,25.345,40.079,
129,E16.06,E,,num,4,6866,99.956,Q4,1717,38.789,Q1,1717,41.293,-2.504,-9.802,5.040,23,23.355,24.752,40.079,
130,E10.04,E,,num,4,6610,96.229,Q4,1653,41.984,Q1,1653,39.504,2.480,-0.685,5.940,23,23.714,24.319,40.079,
131,K.11,K,,num,4,6646,96.754,Q4,1654,36.880,Q1,1701,39.330,-2.450,-18.877,15.236,22,23.821,22.928,40.079,
132,E37.02,E,,num,4,6855,99.796,Q4,1714,41.132,Q1,1714,38.740,2.392,-1.102,6.303,23,24.621,23.279,40.079,
133,B-P3.01,B-,,num,4,6869,100.000,Q4,1717,38.556,Q1,1718,40.920,-2.364,-11.319,7.894,23,23.471,26.251,40.079,
134,B-P2.04,B-,,cat,2,6869,100.000,bear,3502,41.234,bull,3367,38.877,2.356,-4.175,8.617,23,24.929,23.522,40.079,
135,B-P3.02,B-,,num,4,6869,100.000,Q4,1717,40.885,Q1,1718,38.533,2.352,-7.970,11.322,23,26.267,23.458,40.079,
136,C.11,C,,num,4,6869,100.000,Q4,1184,38.598,Q1,1732,40.935,-2.337,-9.631,3.069,23,23.902,25.289,40.079,
137,E56.06,E,,num,4,6645,96.739,Q4,1651,40.642,Q1,1664,42.969,-2.327,-6.129,0.710,23,23.380,23.077,40.079,
138,E38.03,E,,num,4,6866,99.956,Q4,1717,36.517,Q1,1717,38.789,-2.271,-6.187,1.510,23,24.752,22.831,40.079,
139,E06.04,E,,num,4,6855,99.796,Q4,931,38.238,Q1,1770,40.508,-2.270,-6.924,2.184,23,22.664,25.593,40.079,
140,E50.01,E,sz-coverage,num,4,2300,33.484,Q4,575,36.348,Q1,575,34.087,2.261,-14.551,18.522,7,26.087,22.087,40.079,
141,E12.10,E,,num,4,6869,100.000,Q4,1717,38.556,Q1,1718,40.803,-2.248,-4.168,-0.014,23,24.345,23.807,40.079,
142,E32.01,E,,num,4,6869,100.000,Q4,1713,39.054,Q1,1722,41.289,-2.235,-20.615,11.510,21,22.825,22.764,40.079,
143,E12.02,E,,num,4,6855,99.796,Q4,1714,38.448,Q1,1714,40.665,-2.217,-5.370,1.055,23,25.088,24.037,40.079,
144,E21.04,E,,num,4,6855,99.796,Q4,1383,38.684,Q1,1971,40.893,-2.209,-6.576,2.298,23,23.933,24.049,40.079,
145,E11.01,E,,num,4,6869,100.000,Q4,1714,39.148,Q1,1721,41.313,-2.165,-20.613,11.640,21,22.812,22.719,40.079,
146,E11.03,E,,num,4,6869,100.000,Q4,1714,39.148,Q1,1721,41.313,-2.165,-20.613,11.640,21,22.812,22.719,40.079,
147,E14.03,E,,num,4,6855,99.796,Q4,1714,38.565,Q1,1714,40.723,-2.159,-5.380,0.982,23,25.379,24.096,40.079,
148,E24.02,E,,num,4,6855,99.796,Q4,1714,42.124,Q1,1714,39.965,2.159,-0.906,5.663,23,23.804,24.854,40.079,
149,E23.09,E,,num,4,6866,99.956,Q4,1717,39.138,Q1,1717,41.293,-2.155,-6.388,2.787,23,24.228,24.054,40.079,
150,E19.01,E,,num,3,6869,100.000,Q3,1717,40.478,Q1,3435,38.341,2.137,-1.653,5.508,23,23.646,24.658,40.079,
151,E05.07,E,,num,4,6855,99.796,Q4,1486,40.175,Q1,2267,42.303,-2.128,-5.301,1.175,23,22.880,24.438,40.079,
152,E33.05,E,,num,4,6645,96.739,Q4,1651,41.914,Q1,1663,39.808,2.106,-0.159,4.649,23,23.864,23.391,40.079,
153,K.06,K,,cat,3,6865,99.942,inside,5193,40.555,below,827,38.452,2.102,-5.689,10.859,23,23.801,25.877,40.079,
154,B-P2.11,B-,,num,2,6869,100.000,Q2,2331,38.696,Q1,4538,40.789,-2.093,-5.074,0.800,23,24.668,24.019,40.079,
155,B-S.05,B-,,num,4,6869,100.000,Q4,1717,37.915,Q1,1718,39.988,-2.073,-10.975,8.034,23,24.752,26.251,40.079,
156,E03.02,E,,num,4,6645,96.739,Q4,1651,38.825,Q1,1673,40.885,-2.060,-11.695,8.996,23,24.591,25.045,40.079,
157,B-P3.09,B-,,num,4,6869,100.000,Q4,1678,40.942,Q1,1815,38.898,2.044,-1.941,6.170,23,22.527,24.518,40.079,
158,B-P2.07,B-,,num,4,6869,100.000,Q4,1717,36.925,Q1,1718,38.941,-2.016,-9.699,6.505,23,29.645,21.828,40.079,
159,C.03,C,,num,4,6869,100.000,Q4,1717,37.041,Q1,1718,39.057,-2.016,-9.126,5.349,23,22.831,24.971,40.079,
160,G06.1,G,,num,4,6869,100.000,Q4,1717,38.963,Q1,1718,40.978,-2.015,-6.330,2.157,23,23.413,24.098,40.079,
161,B-P1.09,B-,,num,4,6869,100.000,Q4,1336,41.991,Q1,1738,39.988,2.003,-1.747,6.105,23,21.781,25.892,40.079,
162,E18.08,E,,num,4,6866,99.956,Q4,1717,40.303,Q1,1717,38.323,1.980,-2.998,7.580,23,23.821,25.743,40.079,
163,E19.04,E,,num,4,6855,99.796,Q4,937,40.982,Q1,2287,39.003,1.979,-2.154,6.211,23,24.760,24.661,40.079,
164,E19.02,E,,num,4,6855,99.796,Q4,1714,41.599,Q1,1714,43.524,-1.925,-5.174,1.405,23,24.329,26.488,40.079,
165,E28.06,E,,num,4,6855,99.796,Q4,1667,40.012,Q1,1732,38.106,1.906,-5.022,9.619,23,25.375,26.270,40.079,
166,C.09,C,,num,4,6869,100.000,Q4,1717,38.206,Q1,1718,40.105,-1.899,-10.714,8.080,23,24.694,26.659,40.079,
167,E37.05,E,,num,4,6855,99.796,Q4,1197,42.774,Q1,2307,40.876,1.898,-0.684,4.760,23,22.723,24.794,40.079,
168,E37.03,E,,num,4,6866,99.956,Q4,1717,39.720,Q1,1717,37.857,1.864,-1.791,4.674,23,23.879,25.393,40.079,
169,E38.01,E,,num,3,6869,100.000,Q3,1717,37.973,Q1,3435,39.767,-1.794,-6.849,2.961,23,24.927,24.076,40.079,
170,E22.01,E,,num,3,6869,100.000,Q3,1717,40.652,Q1,3435,38.865,1.788,-1.830,6.072,23,23.063,25.182,40.079,
171,B-P1.03,B-,,num,4,6869,100.000,Q4,1717,38.672,Q1,1718,40.454,-1.782,-8.285,5.534,23,28.655,20.314,40.079,
172,E07.04,E,,num,4,6104,88.863,Q4,1526,40.301,Q1,1526,38.532,1.769,0.102,3.470,23,24.181,25.819,40.079,
173,E51.07,E,sz-coverage,num,4,2270,33.047,Q4,568,40.317,Q1,568,42.077,-1.761,-20.050,18.358,7,21.303,25.528,40.079,
174,E15.04,E,,num,4,6855,99.796,Q4,1714,41.249,Q1,1714,39.615,1.634,-1.134,4.525,23,24.562,24.971,40.079,
175,E07.05,E,,num,4,6104,88.863,Q4,819,41.270,Q1,2974,39.644,1.626,-2.855,5.928,23,25.763,24.277,40.079,
176,E54.02,E,,num,4,6645,96.739,Q4,1650,38.667,Q1,1671,40.275,-1.609,-11.859,8.238,23,25.455,25.554,40.079,
177,E55.01,E,,num,4,6645,96.739,Q4,1650,38.667,Q1,1671,40.275,-1.609,-11.859,8.238,23,25.455,25.554,40.079,
178,B-P2.08,B-,,num,4,6869,100.000,Q4,1717,37.857,Q1,1718,39.464,-1.608,-8.468,4.571,23,25.218,22.875,40.079,
179,E15.01,E,,num,4,6869,100.000,Q4,1717,38.963,Q1,1718,40.570,-1.607,-5.079,1.897,23,25.510,23.749,40.079,
180,E07.01,E,,num,4,6834,99.490,Q4,1703,40.341,Q1,1711,38.749,1.591,-0.788,3.892,23,25.015,24.664,40.079,
181,G02.1,G,,num,4,6834,99.490,Q4,1703,40.341,Q1,1711,38.749,1.591,-0.788,3.892,23,25.015,24.664,40.079,
182,E28.09,E,,num,4,6866,99.956,Q4,1717,39.487,Q1,1717,37.915,1.573,-3.273,6.004,23,26.500,24.054,40.079,
183,E23.06,E,,num,4,6855,99.796,Q4,1436,40.947,Q1,2547,39.380,1.567,-2.713,5.827,23,23.538,24.382,40.079,
184,E10.01,E,,num,4,6834,99.490,Q4,1658,40.712,Q1,1723,39.176,1.536,-1.488,5.311,23,24.246,24.550,40.079,
185,G10.1,G,,num,4,6834,99.490,Q4,1658,40.712,Q1,1723,39.176,1.536,-1.488,5.311,23,24.246,24.550,40.079,
186,E36.03,E,,num,4,6855,99.796,Q4,1714,40.082,Q1,1714,38.565,1.517,-1.662,5.209,23,24.504,24.096,40.079,
187,E37.06,E,,num,4,6869,100.000,Q4,1717,39.487,Q1,1718,38.009,1.478,0.126,3.021,23,23.180,25.029,40.079,
188,E29.02,E,,num,4,5454,79.400,Q4,1364,39.883,Q1,1364,41.349,-1.466,-9.043,4.989,23,24.780,24.927,40.079,
189,E14.01,E,,cat,2,6869,100.000,-1,3484,40.786,1,3385,39.350,1.436,-2.058,4.899,23,24.340,24.136,40.079,
190,E19.07,E,,num,4,6869,100.000,Q4,1717,38.847,Q1,1718,40.279,-1.433,-3.272,0.300,23,24.869,24.389,40.079,
191,B-S.10,B-,,num,4,6869,100.000,Q4,1717,35.352,Q1,1719,33.973,1.379,-6.955,8.363,23,24.869,26.760,40.079,
192,E33.06,E,,num,4,6869,100.000,Q4,1717,42.283,Q1,1718,40.920,1.363,-0.666,3.454,23,22.481,22.759,40.079,
193,E18.07,E,,num,4,6869,100.000,Q4,1717,41.002,Q1,1718,39.639,1.363,-0.020,2.762,23,24.287,24.913,40.079,
194,E23.02,E,,num,4,6855,99.796,Q4,1714,40.140,Q1,1714,41.424,-1.284,-4.017,1.521,23,24.912,23.396,40.079,
195,E28.05,E,,num,4,6855,99.796,Q4,1714,40.140,Q1,1714,41.365,-1.225,-6.370,3.926,23,24.562,26.138,40.079,
196,E38.02,E,,num,4,6855,99.796,Q4,1714,38.156,Q1,1714,39.382,-1.225,-4.719,1.940,23,25.788,24.504,40.079,
197,E24.09,E,,num,4,6866,99.956,Q4,1717,41.934,Q1,1717,40.769,1.165,-3.909,6.180,23,24.228,24.345,40.079,
198,E43.02,E,,num,4,6855,99.796,Q4,1714,41.074,Q1,1714,39.965,1.109,-1.091,3.778,23,22.929,24.037,40.079,
199,E24.01,E,,num,4,6869,100.000,Q4,1717,40.827,Q1,1718,39.756,1.071,-4.617,5.826,23,25.277,24.098,40.079,
200,E24.04,E,,num,4,6645,96.739,Q4,1646,41.920,Q1,1663,40.890,1.030,-3.916,6.052,23,24.423,24.474,40.079,
201,E16.01,E,,num,3,6869,100.000,Q3,1717,38.614,Q1,3435,39.622,-1.008,-5.570,3.846,23,23.704,24.571,40.079,
202,E17.08,E,,num,4,6869,100.000,Q4,1717,40.827,Q1,1718,41.735,-0.908,-2.778,0.986,23,21.957,23.050,40.079,
203,E29.05,E,,num,4,6683,97.292,Q4,1671,36.924,Q1,1671,37.822,-0.898,-4.428,1.628,23,24.237,23.459,40.079,
204,B-S.07,B-,,num,4,6869,100.000,Q4,1717,36.342,Q1,1718,35.448,0.894,-13.326,13.724,23,24.170,24.971,40.079,
205,E13.01,E,,num,4,6869,100.000,Q4,1717,39.080,Q1,1718,39.930,-0.850,-9.013,6.315,23,23.005,25.204,40.079,
206,E13.08,E,,num,4,6869,100.000,Q4,1717,39.080,Q1,1718,39.930,-0.850,-9.013,6.315,23,23.005,25.204,40.079,
207,E16.08,E,,num,4,6869,100.000,Q4,1717,40.419,Q1,1718,41.269,-0.850,-2.485,0.873,23,23.762,23.283,40.079,
208,E32.03,E,,num,4,6869,100.000,Q4,1717,41.060,Q1,1718,41.909,-0.849,-8.041,6.067,23,23.704,27.008,40.079,
209,B-P1.07,B-,,num,4,6869,100.000,Q4,1717,40.944,Q1,1718,40.105,0.839,-6.718,7.138,23,22.772,26.426,40.079,
210,E36.05,E,,num,4,6869,100.000,Q4,1717,40.944,Q1,1718,40.105,0.839,-1.154,3.044,23,24.170,23.807,40.079,
211,E17.04,E,,num,4,6855,99.796,Q4,1004,39.343,Q1,2293,38.552,0.791,-3.647,5.941,23,22.211,27.213,40.079,
212,B-P2.06,B-,,num,4,6869,100.000,Q4,1717,40.594,Q1,1718,39.814,0.780,-9.509,8.894,23,24.520,22.643,40.079,
213,E10.07,E,,num,4,6104,88.863,Q4,1501,39.307,Q1,1527,38.572,0.735,-3.118,4.909,23,24.184,25.278,40.079,
214,E47.10,E,,num,2,6869,100.000,Q2,869,39.471,Q1,6000,40.167,-0.696,-5.883,4.956,23,24.511,24.200,40.079,
215,E17.01,E,,num,3,6869,100.000,Q3,1717,39.895,Q1,3435,39.243,0.652,-3.129,4.819,23,22.423,25.328,40.079,
216,E23.08,E,,num,4,6869,100.000,Q4,1717,39.720,Q1,1718,39.115,0.605,-0.982,2.325,23,24.811,24.098,40.079,
217,B-P3.03,B-,,num,4,6869,100.000,Q4,1717,39.604,Q1,1718,38.999,0.605,-8.361,10.637,23,25.044,23.690,40.079,
218,B-P3.05,B-,,num,4,6869,100.000,Q4,1717,39.196,Q1,1718,38.591,0.605,-4.055,5.420,23,22.889,26.601,40.079,
219,B-S.11,B-,,num,4,6869,100.000,Q4,1717,39.196,Q1,1718,38.591,0.605,-4.055,5.420,23,22.889,26.601,40.079,
220,B-P2.09,B-,,num,4,6869,100.000,Q4,1289,40.341,Q1,1774,39.741,0.601,-3.807,5.440,23,23.662,25.028,40.079,
221,E57.01,E,,num,2,6834,99.490,Q2,1707,39.543,Q1,5127,40.140,-0.597,-2.588,1.570,23,23.023,24.693,40.079,
222,E25.06,E,,num,4,6855,99.796,Q4,1178,41.087,Q1,2591,41.683,-0.596,-2.727,1.632,23,22.071,24.624,40.079,
223,E20.03,E,,num,4,6855,99.796,Q4,1714,39.498,Q1,1714,40.082,-0.583,-4.198,2.299,23,25.379,24.562,40.079,
224,E03.08,E,,num,4,6869,100.000,Q4,1717,44.554,Q1,1718,44.005,0.550,-1.019,2.170,23,23.413,24.098,40.079,
225,B-P1.08,B-,,num,4,6869,100.000,Q4,1717,40.419,Q1,1718,39.872,0.547,-3.523,4.396,23,23.646,22.468,40.079,
226,E20.08,E,,num,4,6869,100.000,Q4,1717,39.779,Q1,1718,39.232,0.547,-0.877,2.067,23,23.529,23.050,40.079,
227,E38.07,E,,num,4,6869,100.000,Q4,1717,39.720,Q1,1718,39.173,0.547,-0.785,1.946,23,25.393,24.854,40.079,
228,E47.02,E,,num,4,6855,99.796,Q4,378,39.683,Q1,1718,40.221,-0.539,-7.875,7.184,21,26.190,26.251,40.079,
229,E48.10,E,,num,2,6869,100.000,Q2,972,40.535,Q1,5897,40.003,0.532,-7.649,7.488,23,22.119,24.589,40.079,
230,E18.02,E,,num,4,6855,99.796,Q4,1714,41.540,Q1,1714,42.065,-0.525,-3.495,2.564,23,23.396,26.488,40.079,
231,E16.04,E,,num,4,6855,99.796,Q4,981,38.124,Q1,1752,38.642,-0.517,-3.966,3.649,23,23.140,26.598,40.079,
232,E13.06,E,,num,4,6866,99.956,Q4,1717,39.720,Q1,1718,40.221,-0.501,-7.369,7.690,23,22.539,25.902,40.079,
233,E21.08,E,,num,4,6869,100.000,Q4,1717,40.303,Q1,1718,40.803,-0.500,-1.840,0.612,23,24.403,23.516,40.079,
234,E29.04,E,,num,4,5454,79.400,Q4,1317,39.484,Q1,1426,38.990,0.493,-6.551,7.508,23,24.298,26.928,40.079,
235,E17.02,E,,num,4,6855,99.796,Q4,1714,41.015,Q1,1714,41.482,-0.467,-3.614,2.636,23,22.579,25.088,40.079,
236,E21.03,E,,num,4,6855,99.796,Q4,1714,40.665,Q1,1714,41.132,-0.467,-3.200,2.135,23,23.746,23.629,40.079,
237,E24.08,E,,num,4,6869,100.000,Q4,1717,40.303,Q1,1718,39.872,0.431,-1.187,2.022,23,23.588,24.214,40.079,
238,E15.05,E,,num,4,6855,99.796,Q4,1450,40.138,Q1,2293,39.730,0.408,-2.183,3.300,23,24.759,23.681,40.079,
239,G04.1,G,,num,4,6869,100.000,Q4,1717,40.128,Q1,2144,39.739,0.389,-1.746,2.705,23,23.471,23.694,40.079,
240,E23.01,E,,num,4,6869,100.000,Q4,1717,39.546,Q1,1718,39.930,-0.384,-5.930,5.108,23,24.636,23.516,40.079,
241,B-P1.05,B-,,num,4,6869,100.000,Q4,1717,40.944,Q1,1718,41.327,-0.384,-9.880,7.971,23,23.704,27.357,40.079,
242,C.07,C,,num,4,6869,100.000,Q4,1445,40.761,Q1,2095,40.382,0.379,-7.405,8.549,23,23.806,25.346,40.079,
243,E37.01,E,,num,3,6869,100.000,Q3,1717,39.429,Q1,3435,39.796,-0.367,-3.643,2.866,23,24.287,24.745,40.079,
244,E28.07,E,,num,4,6869,100.000,Q4,1717,40.711,Q1,1718,41.036,-0.326,-3.064,2.006,23,25.859,23.865,40.079,
245,E36.01,E,,num,3,6869,100.000,Q3,1717,39.953,Q1,3435,39.738,0.215,-1.589,2.150,23,24.578,24.774,40.079,
246,C.04,C,,cat,2,6869,100.000,chop,3423,40.169,trend,3446,39.988,0.181,-3.172,4.155,23,23.839,24.637,40.079,
247,B-P1.11,B-,,num,2,6869,100.000,Q2,2067,40.203,Q1,4802,40.025,0.178,-2.607,2.778,23,24.577,24.094,40.079,
248,E56.05,E,,num,4,6851,99.738,Q4,1713,40.572,Q1,1713,40.747,-0.175,-1.884,1.581,23,23.643,23.117,40.079,
249,E17.06,E,,num,4,6866,99.956,Q4,1717,40.128,Q1,1717,39.953,0.175,-6.533,6.982,23,22.190,24.461,40.079,
250,B-P2.03,B-,,num,4,6869,100.000,Q4,1717,40.245,Q1,1719,40.081,0.163,-7.493,7.302,23,24.869,24.607,40.079,
251,E38.06,E,,num,4,6855,99.796,Q4,895,39.888,Q1,3330,40.030,-0.142,-4.300,3.805,23,23.911,24.204,40.079,
252,E14.06,E,,num,4,6869,100.000,Q4,1717,39.604,Q1,1718,39.464,0.139,-1.956,2.065,23,24.578,23.632,40.079,
253,E16.02,E,,num,4,6855,99.796,Q4,1714,40.840,Q1,1714,40.898,-0.058,-3.023,2.844,23,22.870,25.146,40.079,
254,B-P3.07,B-,,num,4,6869,100.000,Q4,1201,37.469,Q1,1929,37.429,0.040,-6.544,7.296,23,24.147,25.143,40.079,
255,B-P1.04,B-,,cat,2,6869,100.000,bull,3161,40.082,bear,3708,40.076,0.007,-5.103,5.567,23,23.442,24.919,40.079,
256,B-S.01,,,,,,,,,,,,,,,,,,,,degenerate/constant
257,B-S.04,,,,,,,,,,,,,,,,,,,,insufficient bin n
258,E04.05,,,,,,,,,,,,,,,,,,,,degenerate/constant
259,E39.01,,,,,,,,,,,,,,,,,,,,degenerate/constant
260,E47.01,,,,,,,,,,,,,,,,,,,,degenerate/constant
261,E48.01,,,,,,,,,,,,,,,,,,,,degenerate/constant
262,E49.01,,,,,,,,,,,,,,,,,,,,degenerate/constant
