ts,bucket_id,side,setup,legsA,legsB,outcome,joint
1782645523.304,9703,short,B,0001000,111,SL,UP-resolve
1782646907.289,9735,short,B,0001000,111,SL,WHIPSAW
1782646944.438,9736,short,B,0001000,111,SL,WHIPSAW
1782647040.433,9738,short,B,0001000,111,SL,WHIPSAW
1782647087.982,9739,short,B,0001000,111,SL,WHIPSAW
1782650253.522,9825,short,B,0001000,111,TP,DOWN-resolve
1782650513.506,9830,short,B,0001100,111,TP,DOWN-resolve
1782650772.575,9835,short,B,0001100,111,TP,DOWN-resolve
1782650829.356,9836,short,B,0001100,111,TP,DOWN-resolve
1782651770.639,9855,short,B,0001000,111,SL,UP-resolve
1782651879.278,9868,short,B,0101100,111,SL,UP-resolve
1782652078.978,9878,short,B,0001000,111,SL,UP-resolve
1782653606.019,9912,long,B,0001000,111,SL,WHIPSAW
1782653845.643,9915,long,B,0001000,111,SL,WHIPSAW
1782654403.127,9933,long,B,0001000,111,SL,DOWN-resolve
1782654417.986,9934,long,B,0001000,111,SL,DOWN-resolve
1782659527.461,10037,short,B,0001100,111,SL,UP-resolve
1782660091.069,10052,long,B,0001100,111,SL,WHIPSAW
1782660873.761,10071,long,B,0001100,111,SL,DOWN-resolve
1782662442.741,10120,long,B,0001000,111,SL,DOWN-resolve
1782666519.096,10263,long,B,0001100,111,SL,DOWN-resolve
1782668115.754,10306,short,B,0001000,111,SL,UP-resolve
1782668803.075,10335,long,B,0101100,111,TP,UP-resolve
1782669052.835,10340,long,B,0100100,111,SL,WHIPSAW
1782669676.624,10352,long,B,0101100,111,SL,DOWN-resolve
1782670080.35,10359,long,B,0101100,111,SL,DOWN-resolve
1782670137.4,10360,long,B,0101100,111,SL,DOWN-resolve
1782675439.751,10444,long,B,0001100,111,SL,DOWN-resolve
1782675442.743,10445,long,B,0001000,111,SL,DOWN-resolve
1782676127.094,10490,short,B,0001100,111,SL,UP-resolve
1782677813.642,10536,long,B,0101100,111,SL,DOWN-resolve
1782677850.62,10537,long,B,0101100,111,SL,DOWN-resolve
1782678973.199,10563,short,B,0001000,111,TP,DOWN-resolve
1782678993.31,10564,short,B,0001000,111,SL,WHIPSAW
1782681437.478,10591,short,B,0001000,111,SL,WHIPSAW
1782681504.734,10592,short,B,0001000,111,SL,WHIPSAW
1782683436.584,10627,short,B,0001000,111,SL,UP-resolve
1782684031.33,10646,long,B,0001100,111,TP,UP-resolve
1782684102.019,10651,long,B,0001100,111,TP,UP-resolve
1782687202.723,10806,short,B,0100100,111,TP,DOWN-resolve
1782687207.192,10825,short,B,0000100,111,SL,WHIPSAW
1782687207.194,10826,short,B,0000100,111,SL,WHIPSAW
1782687221.083,10841,short,B,0001100,111,SL,UP-resolve
1782687356.838,10863,long,B,0001100,111,TP,UP-resolve
1782687548.739,10872,long,B,0101100,111,TP,UP-resolve
1782687844.945,10892,long,B,0101100,111,TP,UP-resolve
1782688972.819,10925,long,B,0001100,111,TP,UP-resolve
1782688978.54,10926,long,B,0001100,111,TP,UP-resolve
1782689417.572,10941,long,B,0001100,111,TP,UP-resolve
1782689448.409,10942,long,B,0001100,111,TP,UP-resolve
1782689543.621,10951,long,B,0001100,111,TP,UP-resolve
1782689652.695,10956,long,B,0001100,111,TP,UP-resolve
1782689681.606,10957,long,B,0001100,111,TP,UP-resolve
1782689975.475,10979,long,B,0001100,111,SL,DOWN-resolve
1782691210.609,11019,short,B,0001000,111,SL,WHIPSAW
1782691507.771,11033,short,B,0001100,111,SL,UP-resolve
1782692104.018,11053,long,B,0001100,111,SL,DOWN-resolve
1782692617.503,11071,short,B,1001000,111,SL,WHIPSAW
1782693030.74,11083,short,B,0101100,111,SL,WHIPSAW
1782693187.113,11098,short,B,0001000,111,SL,UP-resolve
1782693412.746,11107,long,B,0101100,111,SL,WHIPSAW
1782694658.878,11144,long,B,0101100,111,SL,DOWN-resolve
1782695900.61,11178,short,B,0001100,111,SL,UP-resolve
1782696023.559,11187,short,B,0001000,111,SL,UP-resolve
1782697472.296,11212,long,B,0001100,111,SL,DOWN-resolve
1782699283.396,11253,short,B,0001100,111,SL,UP-resolve
1782699938.55,11273,long,B,0001000,111,TP,UP-resolve
1782702280.012,11346,long,B,0000100,111,TP,UP-resolve
1782702560.385,11368,long,B,0001100,111,SL,WHIPSAW
1782702715.858,11379,long,B,0001100,111,SL,DOWN-resolve
1782702722.842,11380,long,B,0001100,111,SL,DOWN-resolve
1782704837.14,11431,short,B,0000100,111,TP,DOWN-resolve
1782707220.696,11460,short,B,0001100,111,TP,DOWN-resolve
1782707294.188,11461,short,B,0001000,111,TP,DOWN-resolve
1782708022.343,11471,short,B,0001000,111,TP,DOWN-resolve
1782708211.244,11477,short,B,0001100,111,TP,DOWN-resolve
1782708627.016,11491,short,B,0001000,111,TP,DOWN-resolve
1782709620.112,11520,short,B,0000100,111,SL,UP-resolve
1782710380.332,11541,long,B,0001000,111,TP,UP-resolve
1782710466.665,11542,long,B,0001000,111,TP,UP-resolve
1782711607.922,11555,long,B,0101100,111,TP,UP-resolve
1782712988.493,11591,long,B,0001100,111,TP,UP-resolve
1782714283.1,11623,long,B,0001100,111,SL,DOWN-resolve
1782714400.633,11629,long,B,0001100,111,SL,DOWN-resolve
1782715351.807,11649,short,B,0000100,111,TP,DOWN-resolve
1782716993.213,11664,short,B,0001000,111,SL,UP-resolve
1782719710.648,11699,long,B,0001000,111,SL,DOWN-resolve
1782727885.561,11849,long,B,0100100,111,SL,WHIPSAW
1782727904.391,11850,long,B,0101100,111,TP,UP-resolve
1782727934.378,11851,long,B,0101100,111,TP,UP-resolve
1782728466.582,11875,long,B,0001000,111,SL,DOWN-resolve
1782729337.078,11899,short,B,0100100,111,SL,WHIPSAW
1782731353.304,11942,short,B,0000100,111,TP,DOWN-resolve
1782731562.669,11951,short,B,0001100,111,SL,WHIPSAW
1782732745.273,11999,long,B,0101100,111,SL,DOWN-resolve
1782733147.892,12009,short,B,0001000,111,SL,WHIPSAW
1782733474.431,12018,short,B,0001100,111,SL,WHIPSAW
1782734458.98,12048,long,B,0001100,111,SL,WHIPSAW
1782734468.067,12051,long,B,0001101,111,TP,UP-resolve
1782734468.861,12052,long,B,0001101,111,TP,UP-resolve
1782734598.325,12064,long,B,0001000,111,TP,UP-resolve
1782734882.28,12100,long,B,0001100,111,TP,UP-resolve
1782736560.269,12236,long,B,0001100,111,SL,DOWN-resolve
1782736924.751,12278,short,B,0001000,111,SL,WHIPSAW
1782737848.475,12310,short,B,0001000,111,SL,UP-resolve
1782737898.364,12311,short,B,0001000,111,SL,UP-resolve
1782738272.84,12326,long,B,0001100,111,TP,UP-resolve
1782738312.472,12327,long,B,0001100,111,TP,UP-resolve
1782738866.124,12347,long,B,0001100,111,SL,DOWN-resolve
1782738914.056,12348,long,B,0001100,111,SL,DOWN-resolve
1782738994.746,12349,long,B,0001100,111,SL,DOWN-resolve
1782738999.37,12350,long,B,0001100,111,SL,DOWN-resolve
1782739493.709,12366,short,B,0101100,111,TP,DOWN-resolve
1782739774.664,12373,short,B,0100100,111,TP,DOWN-resolve
1782739921.077,12386,short,B,0101001,111,TP,DOWN-resolve
1782739947.18,12388,long,B,0001000,111,SL,DOWN-resolve
1782740011.859,12390,long,B,0001000,111,SL,DOWN-resolve
1782740490.265,12415,short,B,0001100,111,TP,DOWN-resolve
1782741633.659,12475,long,B,0001100,111,TP,UP-resolve
1782742409.513,12507,short,B,0001100,111,SL,WHIPSAW
1782742561.574,12518,short,B,0001000,111,TP,DOWN-resolve
1782742567.987,12519,short,B,0001000,111,TP,DOWN-resolve
1782742582.843,12520,short,B,0001000,111,TP,DOWN-resolve
1782743849.297,12554,long,B,0001100,111,SL,DOWN-resolve
1782750664.8,12680,short,B,0001000,111,SL,UP-resolve
1782752063.032,12705,long,B,0001100,111,TP,UP-resolve
1782752174.474,12706,long,B,0001100,111,TP,UP-resolve
1782753257.275,12756,long,B,0000100,111,TP,UP-resolve
1782753333.337,12773,long,B,0000100,111,TP,UP-resolve
1782753356.341,12783,long,B,0001100,111,SL,DOWN-resolve
1782753789.152,12815,short,B,0100100,111,SL,UP-resolve
1782753837.624,12816,short,B,0100100,111,SL,UP-resolve
1782754228.85,12829,long,B,0001100,111,SL,DOWN-resolve
1782754454.897,12835,long,B,0001100,111,SL,DOWN-resolve
1782754511.554,12836,long,B,0001100,111,SL,DOWN-resolve
1782773522.053,13050,short,B,0001100,111,SL,UP-resolve
1782774053.486,13059,long,B,0000000,111,SL,DOWN-resolve
1782779596.299,13217,short,B,0001001,111,TP,DOWN-resolve
1782779638.263,13220,long,B,0001100,111,SL,DOWN-resolve
1782782806.524,13355,long,B,0101100,111,SL,DOWN-resolve
1782783917.217,13380,short,B,0001000,111,SL,WHIPSAW
1782785546.474,13406,short,B,0001000,111,SL,UP-resolve
1782785780.09,13411,short,B,0001000,111,SL,UP-resolve
1782788502.653,13457,long,B,0101100,111,SL,WHIPSAW
1782789651.708,13475,long,B,0001100,111,SL,DOWN-resolve
1782790920.419,13497,short,B,0000000,111,TP,DOWN-resolve
1782791933.366,13512,short,B,0001000,111,TP,DOWN-resolve
1782792316.059,13531,short,B,0000100,111,SL,WHIPSAW
1782792796.572,13563,short,B,0001001,111,TP,DOWN-resolve
1782792799.127,13564,short,B,0001001,111,TP,DOWN-resolve
1782793030.72,13576,long,B,0001101,111,TP,UP-resolve
1782793055.391,13577,long,B,0001101,111,TP,UP-resolve
1782793063.914,13578,long,B,0001001,111,TP,UP-resolve
1782793087.241,13579,long,B,0001001,111,TP,UP-resolve
1782793171.073,13587,short,B,0001100,111,SL,UP-resolve
1782798198.854,13688,long,B,0001100,111,SL,DOWN-resolve
1782798225.611,13689,long,B,0001100,111,SL,DOWN-resolve
1782801136.554,13743,long,B,0101100,111,SL,DOWN-resolve
1782801174.327,13744,long,B,0101100,111,SL,DOWN-resolve
1782807314.263,13860,short,B,0001100,111,TP,DOWN-resolve
1782807483.57,13866,short,B,0001100,111,TP,DOWN-resolve
1782808572.809,13890,short,B,0000100,111,TP,DOWN-resolve
1782808577.89,13903,short,B,0000100,111,SL,UP-resolve
1782809145.895,13980,short,B,0001000,111,SL,UP-resolve
1782809399.383,14010,long,B,0001100,111,TP,UP-resolve
1782809399.755,14012,long,B,0001100,111,TP,UP-resolve
1782809399.97,14013,long,B,0001100,111,TP,UP-resolve
1782809820.596,14037,long,B,0001100,111,SL,WHIPSAW
1782810033.996,14043,long,B,0001100,111,SL,WHIPSAW
1782810059.165,14044,long,B,0001100,111,SL,DOWN-resolve
1782810147.532,14047,long,B,0001100,111,SL,DOWN-resolve
1782811068.37,14080,long,B,0001000,111,SL,WHIPSAW
1782811145.737,14081,long,B,0001000,111,SL,DOWN-resolve
1782818704.044,14220,short,B,0001100,111,SL,WHIPSAW
1782820612.743,14273,long,B,0001001,111,SL,DOWN-resolve
1782820825.454,14279,short,B,0001000,111,TP,DOWN-resolve
1782820848.644,14280,short,B,0001000,111,TP,DOWN-resolve
1782822101.642,14367,short,B,0001100,111,TP,DOWN-resolve
1782822819.265,14429,short,B,0001000,111,TP,DOWN-resolve
1782822877.771,14436,short,B,0001100,111,TP,DOWN-resolve
1782824485.79,14532,long,B,0000000,111,SL,WHIPSAW
1782824640.67,14552,short,B,0001110,111,SL,UP-resolve
1782824913.89,14571,long,B,0101100,111,TP,UP-resolve
1782825080.381,14580,long,B,0001100,111,TP,UP-resolve
1782826251.941,14621,long,B,0001100,111,SL,DOWN-resolve
1782826361.131,14645,short,B,0100100,111,SL,WHIPSAW
1782827513.729,14703,long,B,0001100,111,TP,UP-resolve
1782828163.888,14757,long,B,0001110,111,SL,DOWN-resolve
1782829453.67,14822,long,B,0101110,111,SL,DOWN-resolve
1782831146.089,14889,short,B,0001110,111,TP,DOWN-resolve
1782831630.774,14904,short,B,1101110,111,SL,WHIPSAW
1782832916.774,14955,long,B,0001010,111,TP,UP-resolve
1782832916.774,14956,long,B,0001010,111,TP,UP-resolve
1782833205.972,14964,long,B,0001010,111,SL,WHIPSAW
1782834413.824,14998,long,B,0101110,111,SL,DOWN-resolve
1782835340.746,15022,short,B,0100110,111,SL,UP-resolve
1782836395.455,15042,short,B,1001110,111,SL,WHIPSAW
1782838570.902,15072,long,B,0001110,111,SL,DOWN-resolve
1782838974.453,15076,long,B,0101110,111,TP,UP-resolve
1782839758.571,15089,long,B,0001000,111,SL,DOWN-resolve
1782844073.31,15126,long,B,0001110,111,SL,DOWN-resolve
1782844282.065,15127,long,B,0001100,111,SL,DOWN-resolve
1782845313.396,15142,short,B,0001000,111,SL,UP-resolve
1782845531.619,15146,long,B,0001000,111,SL,WHIPSAW
1782845641.123,15147,long,B,0001100,111,SL,WHIPSAW
1782848423.203,15179,long,B,0001100,111,SL,DOWN-resolve
1782853855.178,15264,short,B,0001100,111,SL,WHIPSAW
1782853915.186,15280,short,B,0000100,111,SL,UP-resolve
1782858730.518,15353,short,B,0100100,111,SL,UP-resolve
1782862355.51,15402,long,B,0001000,111,SL,WHIPSAW
1782862445.648,15403,long,B,0001000,111,SL,WHIPSAW
1782865953.756,15506,long,B,0101100,111,SL,DOWN-resolve
1782868065.319,15559,short,B,0001100,111,TP,DOWN-resolve
1782868088.214,15560,short,B,0001100,111,TP,DOWN-resolve
1782868159.077,15575,short,B,0000100,111,TP,DOWN-resolve
1782868232.61,15594,short,B,0000100,111,TP,DOWN-resolve
1782868239.03,15598,short,B,1001100,111,TP,DOWN-resolve
1782868368.1,15632,short,B,0000100,111,SL,UP-resolve
1782868368.528,15633,short,B,0001100,111,SL,UP-resolve
1782868480.7,15694,long,B,0100100,111,TP,UP-resolve
1782868542.539,15717,long,B,0001100,111,SL,DOWN-resolve
1782868664.231,15737,short,B,1100100,111,SL,UP-resolve
1782868864.323,15765,long,B,0001100,111,TP,UP-resolve
1782869003.026,15783,long,B,0101100,111,SL,WHIPSAW
1782869163.481,15793,short,B,0000000,111,SL,UP-resolve
1782869985.186,15885,long,B,0000100,111,SL,WHIPSAW
1782869985.186,15886,long,B,0000100,111,SL,WHIPSAW
1782870075.013,15917,long,B,0001100,111,SL,DOWN-resolve
1782871047.037,15993,long,B,0001100,111,SL,WHIPSAW
1782872235.055,16040,long,B,1001100,111,TP,UP-resolve
1782873492.49,16143,long,B,0001100,111,SL,DOWN-resolve
1782873633.863,16163,long,B,0001000,111,SL,DOWN-resolve
1782874098.654,16201,short,B,0000000,111,TP,DOWN-resolve
1782874122.235,16202,short,B,0000000,111,TP,DOWN-resolve
1782874939.528,16237,short,B,0101100,111,SL,WHIPSAW
1782874978.111,16238,short,B,0101100,111,SL,WHIPSAW
1782875539.97,16254,long,B,0001000,111,SL,WHIPSAW
1782875880.593,16262,short,B,0001100,111,SL,UP-resolve
1782875999.093,16265,short,B,0100100,111,SL,UP-resolve
1782877148.559,16306,long,B,0101100,111,TP,UP-resolve
1782877151.989,16307,long,B,0101100,111,SL,WHIPSAW
1782877521.452,16319,short,B,0000000,111,SL,UP-resolve
1782878119.252,16371,long,B,0001100,111,SL,DOWN-resolve
1782878152.848,16374,long,B,0001000,111,SL,WHIPSAW
1782878194.32,16375,long,B,0001000,111,SL,WHIPSAW
1782879062.916,16408,long,B,0001100,111,SL,WHIPSAW
1782879062.935,16409,long,B,0001110,111,SL,WHIPSAW
1782880350.402,16440,long,B,0001110,111,SL,DOWN-resolve
1782881186.684,16457,long,B,0001100,111,SL,DOWN-resolve
1782887751.181,16589,short,B,0001010,111,TP,DOWN-resolve
1782887751.372,16594,short,B,0001110,111,TP,DOWN-resolve
1782887869.859,16614,short,B,0000010,111,SL,UP-resolve
1782896463.327,16818,long,B,0001100,111,TP,UP-resolve
1782896491.523,16819,long,B,0001000,111,TP,UP-resolve
1782896514.532,16820,long,B,0001000,111,TP,UP-resolve
1782899953.144,16898,long,B,0001110,111,SL,DOWN-resolve
1782903692.946,16974,short,B,0000110,111,SL,UP-resolve
1782904681.645,17003,long,B,0101100,111,SL,DOWN-resolve
1782904942.399,17008,long,B,0101100,111,SL,DOWN-resolve
1782907800.165,17064,short,B,0001100,111,TP,DOWN-resolve
1782908073.074,17079,short,B,0001010,111,SL,UP-resolve
1782911130.972,17155,long,B,0101100,111,TP,UP-resolve
1782911173.549,17156,long,B,0101100,111,TP,UP-resolve
1782912662.675,17227,short,B,0001100,111,SL,UP-resolve
1782912662.675,17228,short,B,0101110,111,SL,UP-resolve
1782912663.002,17229,short,B,0100110,111,SL,UP-resolve
1782913057.981,17267,long,B,0001000,111,SL,WHIPSAW
1782915067.557,17404,long,B,0001110,111,TP,UP-resolve
1782915426.311,17444,long,B,0001100,111,TP,UP-resolve
1782916560.267,17532,short,B,0000100,111,SL,UP-resolve
1782917276.374,17558,short,B,0000010,111,SL,UP-resolve
1782917299.054,17559,short,B,0000000,111,SL,UP-resolve
1782917338.63,17560,short,B,0000000,111,SL,WHIPSAW
1782917370.256,17562,short,B,0000000,111,SL,WHIPSAW
1782917417.316,17563,short,B,0000000,111,SL,UP-resolve
1782918427.565,17592,long,B,0001110,111,SL,DOWN-resolve
1782919404.554,17625,long,B,0001110,111,SL,DOWN-resolve
1782923288.644,17706,long,B,0001110,111,SL,DOWN-resolve
1782925182.092,17738,short,B,0100110,111,SL,WHIPSAW
1782925268.67,17739,short,B,0100110,111,SL,WHIPSAW
1782926624.154,17759,long,B,0001110,111,SL,WHIPSAW
1782927065.301,17768,long,B,0101110,111,SL,DOWN-resolve
1782934188.13,17843,short,B,0001110,111,TP,DOWN-resolve
1782938431.234,17942,long,B,0000110,111,TP,UP-resolve
1782938436.857,17943,long,B,0000110,111,SL,WHIPSAW
1782938512.661,17951,long,B,0001100,111,TP,UP-resolve
1782939200.122,17962,long,B,0000000,111,TP,UP-resolve
1782939772.956,17974,long,B,0001010,111,TP,UP-resolve
1782940136.805,17991,long,B,0001110,111,SL,WHIPSAW
1782940251.555,17994,long,B,0001110,111,TP,UP-resolve
1782940532.527,18003,long,B,0001100,111,TP,UP-resolve
1782941646.234,18025,long,B,0001110,111,TP,UP-resolve
1782941760.885,18042,long,B,0000100,111,TP,UP-resolve
1782942929.802,18072,long,B,0001110,111,SL,WHIPSAW
1782942949.278,18073,long,B,0001110,111,SL,WHIPSAW
1782944788.482,18102,long,B,0001100,111,SL,DOWN-resolve
1782947042.324,18171,short,B,0000000,111,TP,DOWN-resolve
1782947734.365,18188,short,B,0001110,111,SL,UP-resolve
1782949863.144,18263,short,B,0001010,111,TP,DOWN-resolve
1782954939.615,18356,long,B,0000100,111,TP,UP-resolve
1782955120.53,18360,long,B,0001100,111,TP,UP-resolve
1782955440.129,18366,long,B,0001100,111,TP,UP-resolve
1782955819.426,18371,long,B,0001100,111,TP,UP-resolve
1782956070.224,18385,long,B,0001110,111,TP,UP-resolve
1782956370.081,18392,long,B,0001000,111,SL,WHIPSAW
1782956553.126,18403,long,B,0001100,111,SL,DOWN-resolve
1782956591.916,18404,long,B,0001000,111,SL,DOWN-resolve
1782956623.937,18405,long,B,0001000,111,SL,DOWN-resolve
1782957330.506,18419,short,B,0100100,111,SL,UP-resolve
1782958498.761,18437,short,B,0001100,111,SL,UP-resolve
1782958591.4,18439,short,B,0001100,111,SL,UP-resolve
1782958661.714,18440,short,B,0001000,111,SL,UP-resolve
1782958783.5,18441,short,B,0001000,111,SL,UP-resolve
1782962466.781,18496,short,B,0001110,111,SL,UP-resolve
1782962922.845,18524,long,B,0100100,111,SL,WHIPSAW
1782963068.299,18529,long,B,0001100,111,TP,UP-resolve
1782963102.26,18530,long,B,0001100,111,TP,UP-resolve
1782965517.274,18604,short,B,0001100,111,TP,DOWN-resolve
1782970962.108,18687,short,B,0100100,111,SL,UP-resolve
1782971051.151,18691,short,B,0100110,111,SL,UP-resolve
1782972316.801,18711,long,B,0001000,111,TP,UP-resolve
1782973529.098,18744,long,B,0001100,111,SL,WHIPSAW
1782974890.836,18778,short,B,0000110,111,SL,WHIPSAW
1782978459.548,18861,long,B,0001100,111,TP,UP-resolve
1782979708.803,18886,long,B,0001110,111,TP,UP-resolve
1782981597.241,18920,long,B,0001000,111,TP,UP-resolve
1782984647.198,18983,long,B,0001100,111,TP,UP-resolve
1782984661.754,18984,long,B,0001100,111,TP,UP-resolve
1782984704.372,19007,long,B,0000100,111,TP,UP-resolve
1782984704.4,19008,long,B,0000110,111,SL,WHIPSAW
1782985423.428,19112,long,B,0001100,111,SL,WHIPSAW
1782985423.896,19113,long,B,0001100,111,SL,WHIPSAW
1782985609.977,19132,short,B,0001000,111,SL,UP-resolve
1782986101.099,19161,long,B,0001100,111,TP,UP-resolve
1782986830.35,19194,long,B,0001110,111,SL,WHIPSAW
1782986857.845,19195,long,B,0001110,111,SL,WHIPSAW
1782987980.781,19302,long,B,0001110,111,SL,DOWN-resolve
1782988549.579,19360,long,B,0001110,111,TP,UP-resolve
1782988963.027,19423,long,B,0000110,111,SL,WHIPSAW
1782989819.192,19552,short,B,0000000,111,SL,UP-resolve
